variant,source_account,source_launch,source_provenance_type,total_samples,total_claims,claims_with_citations,claims_with_committee_support_set,claims_with_any_approved_citation,claims_with_any_gold_positive_citation,committee_alignment_precision_macro,committee_alignment_precision_micro,gold_positive_citation_precision_macro,gold_positive_citation_precision_micro,committee_support_citation_recall_macro,committee_support_citation_recall_micro,soft_extra_citation_rate_micro,hard_negative_citation_rate_micro,claims_with_any_soft_extra_rate,claims_with_any_hard_negative_rate,strict_committee_alignment_claim_rate,strict_gold_clean_claim_rate,strict_grounded_committee_clean_rate_all_claims,strict_grounded_gold_clean_rate_all_claims,total_cited_docs,total_approved_cited_docs,total_gold_positive_cited_docs,total_soft_extra_cited_docs,total_hard_negative_cited_docs,detailed_results_path,input_jsonl,source_final,source_final_sha256,source_remote_cache
benchmark_set_all_modes/answer_only_sft/llama8b/e2e/final_only/sft,pabitra,answer_only_sft_phase1_qwen_deepseek_20260707,exact_cache_match,736,886,842,811,730,837,0.7754552652414886,0.750381679389313,0.993368962787015,0.9946564885496183,0.9001233045622689,0.9001233045622689,0.24427480916030533,0.0053435114503816794,0.3182897862232779,0.00831353919239905,0.6410835214446953,0.8227990970654627,0.6410835214446953,0.8227990970654627,1310,983,1303,320,7,/Users/shubhammishra/Desktop/rag_reason-CATS_interactive/CATS_v2/outputs/benchmark_local_committee_3judge/benchmark_set_all_modes/answer_only_sft/llama8b/e2e/final_only/sft/final/detailed_results.json,/Users/shubhammishra/Desktop/rag_reason-CATS_interactive/CATS_v2/inputs/prepped_model_eval_inputs/benchmark_set_all_modes/answer_only_sft/llama8b/e2e/final_only/sft/input.jsonl,/scratch/pabitra/rag-reason/cats_outputs/benchmark_local_committee_3judge/answer_only_sft_phase1_qwen_deepseek_20260707/answer_only_sft/llama8b/e2e/final_only/sft/final/detailed_results.json,928e35cf98c847be1c77f529b305c827436f60967602bad9c3a9b3b653eaf0a1,/scratch/pabitra/rag-reason/cats_outputs/benchmark_local_committee_3judge/answer_only_sft_phase1_qwen_deepseek_20260707/answer_only_sft/llama8b/e2e/final_only/sft/response_cache
benchmark_set_all_modes/answer_only_sft/llama8b/e2e/minimal/sft,pabitra,answer_only_sft_phase1_qwen_deepseek_20260707,exact_cache_match,736,903,868,838,768,860,0.7901305683563749,0.7538688282977155,0.9907834101382489,0.9918938835666913,0.9164677804295943,0.9164677804295943,0.2380250552689757,0.008106116433308769,0.30184331797235026,0.009216589861751152,0.6622369878183831,0.8504983388704319,0.6622369878183831,0.8504983388704319,1357,1023,1346,323,11,/Users/shubhammishra/Desktop/rag_reason-CATS_interactive/CATS_v2/outputs/benchmark_local_committee_3judge/benchmark_set_all_modes/answer_only_sft/llama8b/e2e/minimal/sft/final/detailed_results.json,/Users/shubhammishra/Desktop/rag_reason-CATS_interactive/CATS_v2/inputs/prepped_model_eval_inputs/benchmark_set_all_modes/answer_only_sft/llama8b/e2e/minimal/sft/input.jsonl,/scratch/pabitra/rag-reason/cats_outputs/benchmark_local_committee_3judge/answer_only_sft_phase1_qwen_deepseek_20260707/answer_only_sft/llama8b/e2e/minimal/sft/final/detailed_results.json,90f0254ec69c9a107ca7e80bdb0258acf3580f7f425207246a1aa731c20453a2,/scratch/pabitra/rag-reason/cats_outputs/benchmark_local_committee_3judge/answer_only_sft_phase1_qwen_deepseek_20260707/answer_only_sft/llama8b/e2e/minimal/sft/response_cache
benchmark_set_all_modes/answer_only_sft/mistral7b/e2e/final_only/sft,pabitra,answer_only_sft_phase1_qwen_deepseek_20260707,exact_cache_match,736,872,871,822,731,865,0.7600459242250287,0.7239215686274509,0.9818216609261385,0.9772549019607844,0.889294403892944,0.889294403892944,0.25333333333333335,0.022745098039215685,0.3008036739380023,0.030998851894374284,0.6754587155963303,0.819954128440367,0.6754587155963303,0.819954128440367,1275,923,1246,323,29,/Users/shubhammishra/Desktop/rag_reason-CATS_interactive/CATS_v2/outputs/benchmark_local_committee_3judge/benchmark_set_all_modes/answer_only_sft/mistral7b/e2e/final_only/sft/final/detailed_results.json,/Users/shubhammishra/Desktop/rag_reason-CATS_interactive/CATS_v2/inputs/prepped_model_eval_inputs/benchmark_set_all_modes/answer_only_sft/mistral7b/e2e/final_only/sft/input.jsonl,/scratch/pabitra/rag-reason/cats_outputs/benchmark_local_committee_3judge/answer_only_sft_phase1_qwen_deepseek_20260707/answer_only_sft/mistral7b/e2e/final_only/sft/final/detailed_results.json,aed3b64f4b725ab4c024e5ec3118a676eca3d9163ee1127fe7b0d736c9ec9ebb,/scratch/pabitra/rag-reason/cats_outputs/benchmark_local_committee_3judge/answer_only_sft_phase1_qwen_deepseek_20260707/answer_only_sft/mistral7b/e2e/final_only/sft/response_cache
benchmark_set_all_modes/answer_only_sft/mistral7b/e2e/minimal/sft,pabitra,answer_only_sft_phase1_qwen_deepseek_20260707,exact_cache_match,736,894,893,837,739,887,0.7430944382232176,0.7109144542772862,0.9826054497946995,0.9786135693215339,0.8829151732377539,0.8829151732377539,0.2676991150442478,0.021386430678466076,0.322508398656215,0.029115341545352745,0.6577181208053692,0.8109619686800895,0.6577181208053692,0.8109619686800895,1356,964,1327,363,29,/Users/shubhammishra/Desktop/rag_reason-CATS_interactive/CATS_v2/outputs/benchmark_local_committee_3judge/benchmark_set_all_modes/answer_only_sft/mistral7b/e2e/minimal/sft/final/detailed_results.json,/Users/shubhammishra/Desktop/rag_reason-CATS_interactive/CATS_v2/inputs/prepped_model_eval_inputs/benchmark_set_all_modes/answer_only_sft/mistral7b/e2e/minimal/sft/input.jsonl,/scratch/pabitra/rag-reason/cats_outputs/benchmark_local_committee_3judge/answer_only_sft_phase1_qwen_deepseek_20260707/answer_only_sft/mistral7b/e2e/minimal/sft/final/detailed_results.json,dbb07c473757f424d508f6994ea6d2a46052aac8db2513ec99ca766b44fc37fc,/scratch/pabitra/rag-reason/cats_outputs/benchmark_local_committee_3judge/answer_only_sft_phase1_qwen_deepseek_20260707/answer_only_sft/mistral7b/e2e/minimal/sft/response_cache
benchmark_set_all_modes/answer_only_sft/qwen7b/e2e/final_only/sft,pabitra,answer_only_sft_phase1_qwen_deepseek_20260707,exact_cache_match,736,941,919,874,774,918,0.7705476967718534,0.7403482210446631,0.9943779470438883,0.991672975018925,0.88558352402746,0.88558352402746,0.2513247539742619,0.008327024981074944,0.2981501632208923,0.011969532100108813,0.6780021253985122,0.8129649309245484,0.6780021253985122,0.8129649309245484,1321,978,1310,332,11,/Users/shubhammishra/Desktop/rag_reason-CATS_interactive/CATS_v2/outputs/benchmark_local_committee_3judge/benchmark_set_all_modes/answer_only_sft/qwen7b/e2e/final_only/sft/final/detailed_results.json,/Users/shubhammishra/Desktop/rag_reason-CATS_interactive/CATS_v2/inputs/prepped_model_eval_inputs/benchmark_set_all_modes/answer_only_sft/qwen7b/e2e/final_only/sft/input.jsonl,/scratch/pabitra/rag-reason/cats_outputs/benchmark_local_committee_3judge/answer_only_sft_phase1_qwen_deepseek_20260707/answer_only_sft/qwen7b/e2e/final_only/sft/final/detailed_results.json,e942f50138cea8ffc5e73364db2fb3c51a8e5e2fa7b32e6e5632f811fb1e4977,/scratch/pabitra/rag-reason/cats_outputs/benchmark_local_committee_3judge/answer_only_sft_phase1_qwen_deepseek_20260707/answer_only_sft/qwen7b/e2e/final_only/sft/response_cache
benchmark_set_all_modes/answer_only_sft/qwen7b/e2e/minimal/sft,pabitra,answer_only_sft_phase1_qwen_deepseek_20260707,exact_cache_match,736,935,900,863,764,898,0.7684444444444445,0.738004569687738,0.9941666666666666,0.9931454683929931,0.8852838933951332,0.8852838933951332,0.25514089870525514,0.006854531607006854,0.3055555555555556,0.01,0.6620320855614973,0.8117647058823529,0.6620320855614973,0.8117647058823529,1313,969,1304,335,9,/Users/shubhammishra/Desktop/rag_reason-CATS_interactive/CATS_v2/outputs/benchmark_local_committee_3judge/benchmark_set_all_modes/answer_only_sft/qwen7b/e2e/minimal/sft/final/detailed_results.json,/Users/shubhammishra/Desktop/rag_reason-CATS_interactive/CATS_v2/inputs/prepped_model_eval_inputs/benchmark_set_all_modes/answer_only_sft/qwen7b/e2e/minimal/sft/input.jsonl,/scratch/pabitra/rag-reason/cats_outputs/benchmark_local_committee_3judge/answer_only_sft_phase1_qwen_deepseek_20260707/answer_only_sft/qwen7b/e2e/minimal/sft/final/detailed_results.json,695fbe41401f9d0dd41ab814d17a63e061f39d3e7443264eb52f60083a80f8aa,/scratch/pabitra/rag-reason/cats_outputs/benchmark_local_committee_3judge/answer_only_sft_phase1_qwen_deepseek_20260707/answer_only_sft/qwen7b/e2e/minimal/sft/response_cache
benchmark_set_all_modes/llama8b/e2e/minimal/baseline,kudhru,benchmark_baseline_48_20260705_r2,exact_cache_match,736,935,93,866,77,91,0.8082437275985663,0.8053097345132744,0.978494623655914,0.9823008849557522,0.08891454965357967,0.08891454965357967,0.17699115044247787,0.017699115044247787,0.1935483870967742,0.021505376344086023,0.07807486631016043,0.08235294117647059,0.07807486631016043,0.08235294117647059,113,91,111,20,2,/Users/shubhammishra/Desktop/rag_reason-CATS_interactive/CATS_v2/outputs/benchmark_local_committee_3judge/benchmark_set_all_modes/llama8b/e2e/minimal/baseline/final/detailed_results.json,/Users/shubhammishra/Desktop/rag_reason-CATS_interactive/CATS_v2/inputs/prepped_model_eval_inputs/benchmark_set_all_modes/llama8b/e2e/minimal/baseline/input.jsonl,/scratch/kudhru/rag-reason/cats_outputs/benchmark_local_committee_3judge/benchmark_baseline_48_20260705_r2/llama8b/e2e/minimal/baseline/final/detailed_results.json,04d2447e56b0f3261fe73304a4a3490428ce3391bd98ae0301cb1e7d0311ab09,/scratch/kudhru/rag-reason/cats_outputs/benchmark_local_committee_3judge/benchmark_baseline_48_20260705_r2/llama8b/e2e/minimal/baseline/response_cache
benchmark_set_all_modes/llama8b/e2e/minimal/sft,pabitra,benchmark_sft_qd_collect27_20260706_r1,exact_cache_match,736,944,923,885,820,919,0.8120260021668473,0.7920110192837465,0.9950343084145901,0.9958677685950413,0.9265536723163842,0.9265536723163842,0.20385674931129477,0.004132231404958678,0.26868905742145177,0.0065005417118093175,0.7097457627118644,0.8665254237288136,0.7097457627118644,0.8665254237288136,1452,1150,1446,296,6,/Users/shubhammishra/Desktop/rag_reason-CATS_interactive/CATS_v2/outputs/benchmark_local_committee_3judge/benchmark_set_all_modes/llama8b/e2e/minimal/sft/final/detailed_results.json,/Users/shubhammishra/Desktop/rag_reason-CATS_interactive/CATS_v2/inputs/prepped_model_eval_inputs/benchmark_set_all_modes/llama8b/e2e/minimal/sft/input.jsonl,/scratch/pabitra/rag-reason/cats_outputs/benchmark_local_committee_3judge/benchmark_sft_qd_collect27_20260706_r1/llama8b/e2e/minimal/sft/final/detailed_results.json,5c60902807575713de0860a666b843fb00b4d1ba06ecafbc667ed2197f52a27d,/scratch/pabitra/rag-reason/cats_outputs/benchmark_local_committee_3judge/benchmark_sft_qd_collect27_20260706_r1/llama8b/e2e/minimal/sft/response_cache
benchmark_set_all_modes/llama8b/e2e/runtime/baseline,kudhru,benchmark_baseline_48_20260705_r2,exact_cache_match,736,958,908,895,833,905,0.7771082441787288,0.7648305084745762,0.98928046989721,0.9906779661016949,0.9307262569832402,0.9307262569832402,0.22584745762711864,0.009322033898305085,0.3997797356828194,0.022026431718061675,0.55741127348643,0.8590814196242171,0.55741127348643,0.8590814196242171,2360,1805,2338,533,22,/Users/shubhammishra/Desktop/rag_reason-CATS_interactive/CATS_v2/outputs/benchmark_local_committee_3judge/benchmark_set_all_modes/llama8b/e2e/runtime/baseline/final/detailed_results.json,/Users/shubhammishra/Desktop/rag_reason-CATS_interactive/CATS_v2/inputs/prepped_model_eval_inputs/benchmark_set_all_modes/llama8b/e2e/runtime/baseline/input.jsonl,/scratch/kudhru/rag-reason/cats_outputs/benchmark_local_committee_3judge/benchmark_baseline_48_20260705_r2/llama8b/e2e/runtime/baseline/final/detailed_results.json,1612b3718d22e1b529015bfcdbb293705959dd63ed18c46071929bd9174f7cb2,/scratch/kudhru/rag-reason/cats_outputs/benchmark_local_committee_3judge/benchmark_baseline_48_20260705_r2/llama8b/e2e/runtime/baseline/response_cache
benchmark_set_all_modes/llama8b/e2e/runtime/sft,pabitra,benchmark_sft_qd_collect27_20260706_r1,exact_cache_match,736,990,969,923,852,966,0.8053786426851443,0.7866053841103086,0.9952331809916949,0.9947472094550229,0.9230769230769231,0.9230769230769231,0.20814182534471437,0.005252790544977019,0.2724458204334365,0.007223942208462332,0.7070707070707071,0.8565656565656565,0.7070707070707071,0.8565656565656565,1523,1198,1515,317,8,/Users/shubhammishra/Desktop/rag_reason-CATS_interactive/CATS_v2/outputs/benchmark_local_committee_3judge/benchmark_set_all_modes/llama8b/e2e/runtime/sft/final/detailed_results.json,/Users/shubhammishra/Desktop/rag_reason-CATS_interactive/CATS_v2/inputs/prepped_model_eval_inputs/benchmark_set_all_modes/llama8b/e2e/runtime/sft/input.jsonl,/scratch/pabitra/rag-reason/cats_outputs/benchmark_local_committee_3judge/benchmark_sft_qd_collect27_20260706_r1/llama8b/e2e/runtime/sft/final/detailed_results.json,f410d5763f9304028942cf64e4303ed4a0951b1e22acc51b2b21af1c008f0f9b,/scratch/pabitra/rag-reason/cats_outputs/benchmark_local_committee_3judge/benchmark_sft_qd_collect27_20260706_r1/llama8b/e2e/runtime/sft/response_cache
benchmark_set_all_modes/llama8b/e2e/strict/baseline,kudhru,benchmark_baseline_48_20260705_r2,exact_cache_match,736,1182,912,1052,831,909,0.8119334795321638,0.7889004149377593,0.9923062865497077,0.9922199170124482,0.7899239543726235,0.7899239543726235,0.2033195020746888,0.007780082987551867,0.30153508771929827,0.015350877192982455,0.5296108291032149,0.6954314720812182,0.5296108291032149,0.6954314720812182,1928,1521,1913,392,15,/Users/shubhammishra/Desktop/rag_reason-CATS_interactive/CATS_v2/outputs/benchmark_local_committee_3judge/benchmark_set_all_modes/llama8b/e2e/strict/baseline/final/detailed_results.json,/Users/shubhammishra/Desktop/rag_reason-CATS_interactive/CATS_v2/inputs/prepped_model_eval_inputs/benchmark_set_all_modes/llama8b/e2e/strict/baseline/input.jsonl,/scratch/kudhru/rag-reason/cats_outputs/benchmark_local_committee_3judge/benchmark_baseline_48_20260705_r2/llama8b/e2e/strict/baseline/final/detailed_results.json,6f2ee229886eb197e7f25e8a2bbe7de455bf8ee3f3cdf8576fd2220fe6adf7d8,/scratch/kudhru/rag-reason/cats_outputs/benchmark_local_committee_3judge/benchmark_baseline_48_20260705_r2/llama8b/e2e/strict/baseline/response_cache
benchmark_set_all_modes/llama8b/e2e/strict/sft,pabitra,benchmark_sft_qd_collect27_20260706_r1,exact_cache_match,736,1022,1000,962,886,996,0.804797619047619,0.7799752781211372,0.9942142857142857,0.9938195302843016,0.920997920997921,0.920997920997921,0.2138442521631644,0.006180469715698393,0.277,0.008,0.7015655577299413,0.8649706457925636,0.7015655577299413,0.8649706457925636,1618,1262,1608,346,10,/Users/shubhammishra/Desktop/rag_reason-CATS_interactive/CATS_v2/outputs/benchmark_local_committee_3judge/benchmark_set_all_modes/llama8b/e2e/strict/sft/final/detailed_results.json,/Users/shubhammishra/Desktop/rag_reason-CATS_interactive/CATS_v2/inputs/prepped_model_eval_inputs/benchmark_set_all_modes/llama8b/e2e/strict/sft/input.jsonl,/scratch/pabitra/rag-reason/cats_outputs/benchmark_local_committee_3judge/benchmark_sft_qd_collect27_20260706_r1/llama8b/e2e/strict/sft/final/detailed_results.json,838666d7e97769dd2e42caf7a5604e2d9d48f211b011c0016caa430a4e7f72c8,/scratch/pabitra/rag-reason/cats_outputs/benchmark_local_committee_3judge/benchmark_sft_qd_collect27_20260706_r1/llama8b/e2e/strict/sft/response_cache
benchmark_set_all_modes/llama8b/oracle_both/minimal/baseline,kudhru,benchmark_baseline_48_20260705_r2,exact_cache_match,736,869,226,684,183,214,0.7859144542772861,0.7493112947658402,0.9415929203539823,0.953168044077135,0.2675438596491228,0.2675438596491228,0.20385674931129477,0.046831955922865015,0.18584070796460178,0.06637168141592921,0.1956271576524741,0.20828538550057538,0.1956271576524741,0.20828538550057538,363,272,346,74,17,/Users/shubhammishra/Desktop/rag_reason-CATS_interactive/CATS_v2/outputs/benchmark_local_committee_3judge/benchmark_set_all_modes/llama8b/oracle_both/minimal/baseline/final/detailed_results.json,/Users/shubhammishra/Desktop/rag_reason-CATS_interactive/CATS_v2/inputs/prepped_model_eval_inputs/benchmark_set_all_modes/llama8b/oracle_both/minimal/baseline/input.jsonl,/scratch/kudhru/rag-reason/cats_outputs/benchmark_local_committee_3judge/benchmark_baseline_48_20260705_r2/llama8b/oracle_both/minimal/baseline/final/detailed_results.json,2441f9e3b6b9366ff3b166087501cc9f32d7fee976d21d216850bd3fd2aa08ed,/scratch/kudhru/rag-reason/cats_outputs/benchmark_local_committee_3judge/benchmark_baseline_48_20260705_r2/llama8b/oracle_both/minimal/baseline/response_cache
benchmark_set_all_modes/llama8b/oracle_both/minimal/sft,pabitra,benchmark_sft_qd_collect27_20260706_r1,exact_cache_match,736,902,869,846,794,869,0.8470272343690065,0.8143800440205429,1.0,1.0,0.9385342789598109,0.9385342789598109,0.18561995597945707,0.0,0.22209436133486765,0.0,0.7494456762749445,0.8802660753880266,0.7494456762749445,0.8802660753880266,1363,1110,1363,253,0,/Users/shubhammishra/Desktop/rag_reason-CATS_interactive/CATS_v2/outputs/benchmark_local_committee_3judge/benchmark_set_all_modes/llama8b/oracle_both/minimal/sft/final/detailed_results.json,/Users/shubhammishra/Desktop/rag_reason-CATS_interactive/CATS_v2/inputs/prepped_model_eval_inputs/benchmark_set_all_modes/llama8b/oracle_both/minimal/sft/input.jsonl,/scratch/pabitra/rag-reason/cats_outputs/benchmark_local_committee_3judge/benchmark_sft_qd_collect27_20260706_r1/llama8b/oracle_both/minimal/sft/final/detailed_results.json,ebc8998081568de67227701c0f6ae9c7b797501403224c3da14cf1573d5c6afa,/scratch/pabitra/rag-reason/cats_outputs/benchmark_local_committee_3judge/benchmark_sft_qd_collect27_20260706_r1/llama8b/oracle_both/minimal/sft/response_cache
benchmark_set_all_modes/llama8b/oracle_both/runtime/baseline,kudhru,benchmark_baseline_48_20260705_r2,exact_cache_match,736,754,446,649,423,446,0.8639387144992526,0.8240656335460347,1.0,1.0,0.6517719568567026,0.6517719568567026,0.17593436645396535,0.0,0.24663677130044842,0.0,0.44562334217506633,0.5610079575596817,0.44562334217506633,0.5610079575596817,1097,904,1097,193,0,/Users/shubhammishra/Desktop/rag_reason-CATS_interactive/CATS_v2/outputs/benchmark_local_committee_3judge/benchmark_set_all_modes/llama8b/oracle_both/runtime/baseline/final/detailed_results.json,/Users/shubhammishra/Desktop/rag_reason-CATS_interactive/CATS_v2/inputs/prepped_model_eval_inputs/benchmark_set_all_modes/llama8b/oracle_both/runtime/baseline/input.jsonl,/scratch/kudhru/rag-reason/cats_outputs/benchmark_local_committee_3judge/benchmark_baseline_48_20260705_r2/llama8b/oracle_both/runtime/baseline/final/detailed_results.json,58563a48b28e07cde3b9318375300b5e79149fd29d23152cd3c222f2d6602b80,/scratch/kudhru/rag-reason/cats_outputs/benchmark_local_committee_3judge/benchmark_baseline_48_20260705_r2/llama8b/oracle_both/runtime/baseline/response_cache
benchmark_set_all_modes/llama8b/oracle_both/runtime/sft,pabitra,benchmark_sft_remaining_47_20260704_compute_only,exact_cache_match,736,1032,1010,990,935,1009,0.8498349834983498,0.8273211117681845,0.9981518151815182,0.997043169722058,0.9444444444444444,0.9444444444444444,0.16972205795387343,0.0029568302779420462,0.2316831683168317,0.0039603960396039604,0.749031007751938,0.9031007751937985,0.749031007751938,0.9031007751937985,1691,1399,1686,287,5,/Users/shubhammishra/Desktop/rag_reason-CATS_interactive/CATS_v2/outputs/benchmark_local_committee_3judge/benchmark_set_all_modes/llama8b/oracle_both/runtime/sft/final/detailed_results.json,/Users/shubhammishra/Desktop/rag_reason-CATS_interactive/CATS_v2/inputs/prepped_model_eval_inputs/benchmark_set_all_modes/llama8b/oracle_both/runtime/sft/input.jsonl,/scratch/pabitra/rag-reason/cats_outputs/benchmark_local_committee_3judge/benchmark_sft_remaining_47_20260704_compute_only/llama8b/oracle_both/runtime/sft/final/detailed_results.json,87eec368b97c01af51ce42dfd4b4638f6a6647e6bc572040f8231ae526224430,/scratch/pabitra/rag-reason/cats_outputs/benchmark_local_committee_3judge/benchmark_sft_remaining_47_20260704_compute_only/llama8b/oracle_both/runtime/sft/response_cache
benchmark_set_all_modes/llama8b/oracle_both/strict/baseline,kudhru,benchmark_baseline_48_20260705_r2,exact_cache_match,736,1370,885,1150,812,880,0.8369303201506592,0.7950530035335689,0.9910734463276836,0.9914184755174155,0.7060869565217391,0.7060869565217391,0.19636547198384655,0.008581524482584554,0.2576271186440678,0.014689265536723164,0.4744525547445255,0.5905109489051095,0.4744525547445255,0.5905109489051095,1981,1575,1964,389,17,/Users/shubhammishra/Desktop/rag_reason-CATS_interactive/CATS_v2/outputs/benchmark_local_committee_3judge/benchmark_set_all_modes/llama8b/oracle_both/strict/baseline/final/detailed_results.json,/Users/shubhammishra/Desktop/rag_reason-CATS_interactive/CATS_v2/inputs/prepped_model_eval_inputs/benchmark_set_all_modes/llama8b/oracle_both/strict/baseline/input.jsonl,/scratch/kudhru/rag-reason/cats_outputs/benchmark_local_committee_3judge/benchmark_baseline_48_20260705_r2/llama8b/oracle_both/strict/baseline/final/detailed_results.json,4fb1d5553ac2110e71cac4676a8875f7cfb8f140f96e4da019c52a0f86230f83,/scratch/kudhru/rag-reason/cats_outputs/benchmark_local_committee_3judge/benchmark_baseline_48_20260705_r2/llama8b/oracle_both/strict/baseline/response_cache
benchmark_set_all_modes/llama8b/oracle_both/strict/sft,pabitra,benchmark_sft_qd_collect27_20260706_r1,exact_cache_match,736,1044,1022,982,930,1022,0.8275277234181344,0.8005988023952095,0.9991519895629485,0.9976047904191617,0.9470468431771895,0.9470468431771895,0.19700598802395208,0.0023952095808383233,0.2622309197651663,0.0029354207436399216,0.7193486590038314,0.8879310344827587,0.7193486590038314,0.8879310344827587,1670,1337,1666,329,4,/Users/shubhammishra/Desktop/rag_reason-CATS_interactive/CATS_v2/outputs/benchmark_local_committee_3judge/benchmark_set_all_modes/llama8b/oracle_both/strict/sft/final/detailed_results.json,/Users/shubhammishra/Desktop/rag_reason-CATS_interactive/CATS_v2/inputs/prepped_model_eval_inputs/benchmark_set_all_modes/llama8b/oracle_both/strict/sft/input.jsonl,/scratch/pabitra/rag-reason/cats_outputs/benchmark_local_committee_3judge/benchmark_sft_qd_collect27_20260706_r1/llama8b/oracle_both/strict/sft/final/detailed_results.json,7be25fa6a7a116a7597aacfdca1a3c353a35298cb0f214c327a3e596521ba3cc,/scratch/pabitra/rag-reason/cats_outputs/benchmark_local_committee_3judge/benchmark_sft_qd_collect27_20260706_r1/llama8b/oracle_both/strict/sft/response_cache
benchmark_set_all_modes/llama8b/oracle_conflict/minimal/baseline,kudhru,benchmark_baseline_48_20260705_r2,exact_cache_match,736,1012,201,865,159,195,0.7487562189054726,0.7411003236245954,0.9626865671641791,0.970873786407767,0.1838150289017341,0.1838150289017341,0.2297734627831715,0.02912621359223301,0.263681592039801,0.04477611940298507,0.1383399209486166,0.1551383399209486,0.1383399209486166,0.1551383399209486,309,229,300,71,9,/Users/shubhammishra/Desktop/rag_reason-CATS_interactive/CATS_v2/outputs/benchmark_local_committee_3judge/benchmark_set_all_modes/llama8b/oracle_conflict/minimal/baseline/final/detailed_results.json,/Users/shubhammishra/Desktop/rag_reason-CATS_interactive/CATS_v2/inputs/prepped_model_eval_inputs/benchmark_set_all_modes/llama8b/oracle_conflict/minimal/baseline/input.jsonl,/scratch/kudhru/rag-reason/cats_outputs/benchmark_local_committee_3judge/benchmark_baseline_48_20260705_r2/llama8b/oracle_conflict/minimal/baseline/final/detailed_results.json,c9ba2af80f8c805918c40b6426ac31507bdf3dd285c4956b2abe0f34ed4d1db1,/scratch/kudhru/rag-reason/cats_outputs/benchmark_local_committee_3judge/benchmark_baseline_48_20260705_r2/llama8b/oracle_conflict/minimal/baseline/response_cache
benchmark_set_all_modes/llama8b/oracle_conflict/minimal/sft,pabitra,benchmark_sft_qd_collect27_20260706_r1,exact_cache_match,736,947,911,879,810,909,0.8184778631540431,0.7896625987078248,0.9968898646176363,0.9971284996410624,0.9215017064846417,0.9215017064846417,0.2074659009332376,0.002871500358937545,0.2513721185510428,0.0043907793633369925,0.7170010559662091,0.8542766631467793,0.7170010559662091,0.8542766631467793,1393,1100,1389,289,4,/Users/shubhammishra/Desktop/rag_reason-CATS_interactive/CATS_v2/outputs/benchmark_local_committee_3judge/benchmark_set_all_modes/llama8b/oracle_conflict/minimal/sft/final/detailed_results.json,/Users/shubhammishra/Desktop/rag_reason-CATS_interactive/CATS_v2/inputs/prepped_model_eval_inputs/benchmark_set_all_modes/llama8b/oracle_conflict/minimal/sft/input.jsonl,/scratch/pabitra/rag-reason/cats_outputs/benchmark_local_committee_3judge/benchmark_sft_qd_collect27_20260706_r1/llama8b/oracle_conflict/minimal/sft/final/detailed_results.json,da5a8ace3da10047bd9a37dc012ea21cee6e7b80c1a7fa42847f9a586fa8ff5c,/scratch/pabitra/rag-reason/cats_outputs/benchmark_local_committee_3judge/benchmark_sft_qd_collect27_20260706_r1/llama8b/oracle_conflict/minimal/sft/response_cache
benchmark_set_all_modes/llama8b/oracle_conflict/runtime/baseline,kudhru,benchmark_baseline_48_20260705_r2,exact_cache_match,736,776,328,587,298,326,0.7341390824622532,0.7219463753723933,0.9838922764227642,0.9860973187686196,0.5076660988074957,0.5076660988074957,0.2641509433962264,0.013902681231380337,0.4817073170731707,0.03048780487804878,0.21262886597938144,0.37628865979381443,0.21262886597938144,0.37628865979381443,1007,727,993,266,14,/Users/shubhammishra/Desktop/rag_reason-CATS_interactive/CATS_v2/outputs/benchmark_local_committee_3judge/benchmark_set_all_modes/llama8b/oracle_conflict/runtime/baseline/final/detailed_results.json,/Users/shubhammishra/Desktop/rag_reason-CATS_interactive/CATS_v2/inputs/prepped_model_eval_inputs/benchmark_set_all_modes/llama8b/oracle_conflict/runtime/baseline/input.jsonl,/scratch/kudhru/rag-reason/cats_outputs/benchmark_local_committee_3judge/benchmark_baseline_48_20260705_r2/llama8b/oracle_conflict/runtime/baseline/final/detailed_results.json,93c0efec3cd94a52e9e0e527ebc539169d1b3b31e707e6573229f6a510ec24f1,/scratch/kudhru/rag-reason/cats_outputs/benchmark_local_committee_3judge/benchmark_baseline_48_20260705_r2/llama8b/oracle_conflict/runtime/baseline/response_cache
benchmark_set_all_modes/llama8b/oracle_conflict/runtime/sft,pabitra,benchmark_sft_qd_collect27_20260706_r1,exact_cache_match,736,994,970,931,858,968,0.7997275405007364,0.776332899869961,0.9964653902798233,0.9954486345903771,0.9215896885069818,0.9215896885069818,0.21911573472041612,0.004551365409622887,0.28556701030927834,0.005154639175257732,0.6941649899396378,0.8611670020120724,0.6941649899396378,0.8611670020120724,1538,1194,1531,337,7,/Users/shubhammishra/Desktop/rag_reason-CATS_interactive/CATS_v2/outputs/benchmark_local_committee_3judge/benchmark_set_all_modes/llama8b/oracle_conflict/runtime/sft/final/detailed_results.json,/Users/shubhammishra/Desktop/rag_reason-CATS_interactive/CATS_v2/inputs/prepped_model_eval_inputs/benchmark_set_all_modes/llama8b/oracle_conflict/runtime/sft/input.jsonl,/scratch/pabitra/rag-reason/cats_outputs/benchmark_local_committee_3judge/benchmark_sft_qd_collect27_20260706_r1/llama8b/oracle_conflict/runtime/sft/final/detailed_results.json,4946edf678638d2c6e7a2eb68697d9f94caab9f63a0757141b2ea88e6a24933d,/scratch/pabitra/rag-reason/cats_outputs/benchmark_local_committee_3judge/benchmark_sft_qd_collect27_20260706_r1/llama8b/oracle_conflict/runtime/sft/response_cache
benchmark_set_all_modes/llama8b/oracle_conflict/strict/baseline,kudhru,benchmark_baseline_48_20260705_r2,exact_cache_match,736,1242,355,1043,333,354,0.8615492957746479,0.7082847141190198,0.9927230046948357,0.838973162193699,0.3192713326941515,0.3192713326941515,0.1306884480746791,0.16102683780630106,0.23380281690140844,0.014084507042253521,0.21658615136876005,0.26570048309178745,0.21658615136876005,0.26570048309178745,857,607,719,112,138,/Users/shubhammishra/Desktop/rag_reason-CATS_interactive/CATS_v2/outputs/benchmark_local_committee_3judge/benchmark_set_all_modes/llama8b/oracle_conflict/strict/baseline/final/detailed_results.json,/Users/shubhammishra/Desktop/rag_reason-CATS_interactive/CATS_v2/inputs/prepped_model_eval_inputs/benchmark_set_all_modes/llama8b/oracle_conflict/strict/baseline/input.jsonl,/scratch/kudhru/rag-reason/cats_outputs/benchmark_local_committee_3judge/benchmark_baseline_48_20260705_r2/llama8b/oracle_conflict/strict/baseline/final/detailed_results.json,d99b53cb7e419ab7c76405239840ccef320a1fc8218278cf19048daec4727e26,/scratch/kudhru/rag-reason/cats_outputs/benchmark_local_committee_3judge/benchmark_baseline_48_20260705_r2/llama8b/oracle_conflict/strict/baseline/response_cache
benchmark_set_all_modes/llama8b/oracle_conflict/strict/sft,pabitra,benchmark_sft_qd_collect27_20260706_r1,exact_cache_match,736,1031,1005,957,878,1002,0.7849004975124378,0.7648845686512759,0.9940381426202322,0.991494532199271,0.9174503657262278,0.9174503657262278,0.22660996354799515,0.00850546780072904,0.3024875621890547,0.009950248756218905,0.6721629485935985,0.8448108632395732,0.6721629485935985,0.8448108632395732,1646,1259,1632,373,14,/Users/shubhammishra/Desktop/rag_reason-CATS_interactive/CATS_v2/outputs/benchmark_local_committee_3judge/benchmark_set_all_modes/llama8b/oracle_conflict/strict/sft/final/detailed_results.json,/Users/shubhammishra/Desktop/rag_reason-CATS_interactive/CATS_v2/inputs/prepped_model_eval_inputs/benchmark_set_all_modes/llama8b/oracle_conflict/strict/sft/input.jsonl,/scratch/pabitra/rag-reason/cats_outputs/benchmark_local_committee_3judge/benchmark_sft_qd_collect27_20260706_r1/llama8b/oracle_conflict/strict/sft/final/detailed_results.json,27790f64acc27ff3c70207ec0e9c1d281a7ca58d1f631090b35fdf0fe56bd3e8,/scratch/pabitra/rag-reason/cats_outputs/benchmark_local_committee_3judge/benchmark_sft_qd_collect27_20260706_r1/llama8b/oracle_conflict/strict/sft/response_cache
benchmark_set_all_modes/llama8b/oracle_notes/minimal/baseline,kudhru,benchmark_baseline_48_20260705_r2,exact_cache_match,736,813,201,670,168,191,0.7879767827529022,0.7311178247734139,0.9482587064676616,0.9637462235649547,0.2507462686567164,0.2507462686567164,0.2326283987915408,0.03625377643504532,0.21393034825870647,0.05472636815920398,0.1820418204182042,0.2054120541205412,0.1820418204182042,0.2054120541205412,331,242,319,77,12,/Users/shubhammishra/Desktop/rag_reason-CATS_interactive/CATS_v2/outputs/benchmark_local_committee_3judge/benchmark_set_all_modes/llama8b/oracle_notes/minimal/baseline/final/detailed_results.json,/Users/shubhammishra/Desktop/rag_reason-CATS_interactive/CATS_v2/inputs/prepped_model_eval_inputs/benchmark_set_all_modes/llama8b/oracle_notes/minimal/baseline/input.jsonl,/scratch/kudhru/rag-reason/cats_outputs/benchmark_local_committee_3judge/benchmark_baseline_48_20260705_r2/llama8b/oracle_notes/minimal/baseline/final/detailed_results.json,55e24230f712575b08c8a0ceb60ffdccb484980ee62db5ec2305915b281caab0,/scratch/kudhru/rag-reason/cats_outputs/benchmark_local_committee_3judge/benchmark_baseline_48_20260705_r2/llama8b/oracle_notes/minimal/baseline/response_cache
benchmark_set_all_modes/llama8b/oracle_notes/minimal/sft,pabitra,benchmark_sft_remaining_47_20260704_compute_only,exact_cache_match,736,913,880,866,804,880,0.8477651515151515,0.8302028549962435,1.0,1.0,0.9284064665127021,0.9284064665127021,0.16979714500375656,0.0,0.225,0.0,0.7469879518072289,0.8806133625410734,0.7469879518072289,0.8806133625410734,1331,1105,1331,226,0,/Users/shubhammishra/Desktop/rag_reason-CATS_interactive/CATS_v2/outputs/benchmark_local_committee_3judge/benchmark_set_all_modes/llama8b/oracle_notes/minimal/sft/final/detailed_results.json,/Users/shubhammishra/Desktop/rag_reason-CATS_interactive/CATS_v2/inputs/prepped_model_eval_inputs/benchmark_set_all_modes/llama8b/oracle_notes/minimal/sft/input.jsonl,/scratch/pabitra/rag-reason/cats_outputs/benchmark_local_committee_3judge/benchmark_sft_remaining_47_20260704_compute_only/llama8b/oracle_notes/minimal/sft/final/detailed_results.json,b798ad69567685b8f43b16fc142b143a4c3569aafd2883b53f93223ad46565b3,/scratch/pabitra/rag-reason/cats_outputs/benchmark_local_committee_3judge/benchmark_sft_remaining_47_20260704_compute_only/llama8b/oracle_notes/minimal/sft/response_cache
benchmark_set_all_modes/llama8b/oracle_notes/runtime/baseline,kudhru,benchmark_baseline_48_20260705_r2,exact_cache_match,736,683,474,584,461,474,0.8987693389592124,0.8728668941979523,0.9989451476793249,0.9982935153583617,0.7893835616438356,0.7893835616438356,0.12542662116040956,0.0017064846416382253,0.20675105485232068,0.002109704641350211,0.5505124450951684,0.6749633967789166,0.5505124450951684,0.6749633967789166,1172,1023,1170,147,2,/Users/shubhammishra/Desktop/rag_reason-CATS_interactive/CATS_v2/outputs/benchmark_local_committee_3judge/benchmark_set_all_modes/llama8b/oracle_notes/runtime/baseline/final/detailed_results.json,/Users/shubhammishra/Desktop/rag_reason-CATS_interactive/CATS_v2/inputs/prepped_model_eval_inputs/benchmark_set_all_modes/llama8b/oracle_notes/runtime/baseline/input.jsonl,/scratch/kudhru/rag-reason/cats_outputs/benchmark_local_committee_3judge/benchmark_baseline_48_20260705_r2/llama8b/oracle_notes/runtime/baseline/final/detailed_results.json,a40a0cb4f74805a022e89aad52ae15155d12cca42286e58c8ffbe068cfe713f0,/scratch/kudhru/rag-reason/cats_outputs/benchmark_local_committee_3judge/benchmark_baseline_48_20260705_r2/llama8b/oracle_notes/runtime/baseline/response_cache
benchmark_set_all_modes/llama8b/oracle_notes/runtime/sft,pabitra,benchmark_sft_qd_collect27_20260706_r1,exact_cache_match,736,1017,999,966,921,998,0.8461127794461127,0.8185758513931889,0.998998998998999,0.9993808049535604,0.953416149068323,0.953416149068323,0.18080495356037152,0.0006191950464396285,0.23723723723723725,0.001001001001001001,0.7482792527040315,0.9056047197640118,0.7482792527040315,0.9056047197640118,1615,1322,1614,292,1,/Users/shubhammishra/Desktop/rag_reason-CATS_interactive/CATS_v2/outputs/benchmark_local_committee_3judge/benchmark_set_all_modes/llama8b/oracle_notes/runtime/sft/final/detailed_results.json,/Users/shubhammishra/Desktop/rag_reason-CATS_interactive/CATS_v2/inputs/prepped_model_eval_inputs/benchmark_set_all_modes/llama8b/oracle_notes/runtime/sft/input.jsonl,/scratch/pabitra/rag-reason/cats_outputs/benchmark_local_committee_3judge/benchmark_sft_qd_collect27_20260706_r1/llama8b/oracle_notes/runtime/sft/final/detailed_results.json,a0a654b401dc518f129400daa412c7c2ae9bc31fb0498e6d42f25eb636d3f2d5,/scratch/pabitra/rag-reason/cats_outputs/benchmark_local_committee_3judge/benchmark_sft_qd_collect27_20260706_r1/llama8b/oracle_notes/runtime/sft/response_cache
benchmark_set_all_modes/llama8b/oracle_notes/strict/baseline,kudhru,benchmark_baseline_48_20260705_r2,exact_cache_match,736,1135,838,996,795,838,0.878033015115354,0.840021990104453,0.9996022275258553,0.999450247388675,0.7981927710843374,0.7981927710843374,0.1594282572842221,0.0005497526113249038,0.21360381861575178,0.0011933174224343676,0.5806167400881057,0.6995594713656388,0.5806167400881057,0.6995594713656388,1819,1528,1818,290,1,/Users/shubhammishra/Desktop/rag_reason-CATS_interactive/CATS_v2/outputs/benchmark_local_committee_3judge/benchmark_set_all_modes/llama8b/oracle_notes/strict/baseline/final/detailed_results.json,/Users/shubhammishra/Desktop/rag_reason-CATS_interactive/CATS_v2/inputs/prepped_model_eval_inputs/benchmark_set_all_modes/llama8b/oracle_notes/strict/baseline/input.jsonl,/scratch/kudhru/rag-reason/cats_outputs/benchmark_local_committee_3judge/benchmark_baseline_48_20260705_r2/llama8b/oracle_notes/strict/baseline/final/detailed_results.json,f4032922566430694fac3609076f9d5405a121ce8922f2f28c6f81a91b494f81,/scratch/kudhru/rag-reason/cats_outputs/benchmark_local_committee_3judge/benchmark_baseline_48_20260705_r2/llama8b/oracle_notes/strict/baseline/response_cache
benchmark_set_all_modes/llama8b/oracle_notes/strict/sft,pabitra,benchmark_sft_qd_collect27_20260706_r1,exact_cache_match,736,1040,1021,979,932,1020,0.8308031341821743,0.7977394408090422,0.9985308521057786,0.998810232004759,0.9519918283963228,0.9519918283963228,0.20107079119571683,0.001189767995240928,0.25367286973555336,0.0019588638589618022,0.7307692307692307,0.8951923076923077,0.7307692307692307,0.8951923076923077,1681,1341,1679,338,2,/Users/shubhammishra/Desktop/rag_reason-CATS_interactive/CATS_v2/outputs/benchmark_local_committee_3judge/benchmark_set_all_modes/llama8b/oracle_notes/strict/sft/final/detailed_results.json,/Users/shubhammishra/Desktop/rag_reason-CATS_interactive/CATS_v2/inputs/prepped_model_eval_inputs/benchmark_set_all_modes/llama8b/oracle_notes/strict/sft/input.jsonl,/scratch/pabitra/rag-reason/cats_outputs/benchmark_local_committee_3judge/benchmark_sft_qd_collect27_20260706_r1/llama8b/oracle_notes/strict/sft/final/detailed_results.json,d3c34569894d3d962fb8351a07f0ab4e3b45ed6a59cff0df32f02bc6cf61c6fd,/scratch/pabitra/rag-reason/cats_outputs/benchmark_local_committee_3judge/benchmark_sft_qd_collect27_20260706_r1/llama8b/oracle_notes/strict/sft/response_cache
benchmark_set_all_modes/mistral7b/e2e/minimal/baseline,kudhru,benchmark_baseline_48_20260705_r2,exact_cache_match,736,1559,154,1333,120,151,0.7456709956709957,0.73568281938326,0.9783549783549783,0.9823788546255506,0.0900225056264066,0.0900225056264066,0.24669603524229075,0.01762114537444934,0.2727272727272727,0.025974025974025976,0.06927517639512508,0.07633098139833226,0.06927517639512508,0.07633098139833226,227,167,223,56,4,/Users/shubhammishra/Desktop/rag_reason-CATS_interactive/CATS_v2/outputs/benchmark_local_committee_3judge/benchmark_set_all_modes/mistral7b/e2e/minimal/baseline/final/detailed_results.json,/Users/shubhammishra/Desktop/rag_reason-CATS_interactive/CATS_v2/inputs/prepped_model_eval_inputs/benchmark_set_all_modes/mistral7b/e2e/minimal/baseline/input.jsonl,/scratch/kudhru/rag-reason/cats_outputs/benchmark_local_committee_3judge/benchmark_baseline_48_20260705_r2/mistral7b/e2e/minimal/baseline/final/detailed_results.json,d38280bd640ead8b10196d2c2425553453f656585610c67760d9facf35d089d3,/scratch/kudhru/rag-reason/cats_outputs/benchmark_local_committee_3judge/benchmark_baseline_48_20260705_r2/mistral7b/e2e/minimal/baseline/response_cache
benchmark_set_all_modes/mistral7b/e2e/minimal/sft,pabitra,benchmark_sft_qd_collect27_20260706_r1,exact_cache_match,736,942,884,851,777,881,0.757315233785822,0.7277486910994765,0.9952865761689291,0.9960732984293194,0.9130434782608695,0.9130434782608695,0.2683246073298429,0.003926701570680628,0.36764705882352944,0.006787330316742082,0.589171974522293,0.8227176220806794,0.589171974522293,0.8227176220806794,1528,1112,1522,410,6,/Users/shubhammishra/Desktop/rag_reason-CATS_interactive/CATS_v2/outputs/benchmark_local_committee_3judge/benchmark_set_all_modes/mistral7b/e2e/minimal/sft/final/detailed_results.json,/Users/shubhammishra/Desktop/rag_reason-CATS_interactive/CATS_v2/inputs/prepped_model_eval_inputs/benchmark_set_all_modes/mistral7b/e2e/minimal/sft/input.jsonl,/scratch/pabitra/rag-reason/cats_outputs/benchmark_local_committee_3judge/benchmark_sft_qd_collect27_20260706_r1/mistral7b/e2e/minimal/sft/final/detailed_results.json,b3e811b94fca031f547a3025bd26eb59e0e6b700dca3aa67275399f0ee0efb46,/scratch/pabitra/rag-reason/cats_outputs/benchmark_local_committee_3judge/benchmark_sft_qd_collect27_20260706_r1/mistral7b/e2e/minimal/sft/response_cache
benchmark_set_all_modes/mistral7b/e2e/runtime/baseline,kudhru,benchmark_baseline_48_20260705_r2,exact_cache_match,736,1001,715,875,630,714,0.7075291375291375,0.6639919759277834,0.9893706293706294,0.9879638916750251,0.72,0.72,0.3239719157472417,0.012036108324974924,0.4727272727272727,0.02937062937062937,0.36863136863136864,0.6153846153846154,0.36863136863136864,0.6153846153846154,1994,1324,1970,646,24,/Users/shubhammishra/Desktop/rag_reason-CATS_interactive/CATS_v2/outputs/benchmark_local_committee_3judge/benchmark_set_all_modes/mistral7b/e2e/runtime/baseline/final/detailed_results.json,/Users/shubhammishra/Desktop/rag_reason-CATS_interactive/CATS_v2/inputs/prepped_model_eval_inputs/benchmark_set_all_modes/mistral7b/e2e/runtime/baseline/input.jsonl,/scratch/kudhru/rag-reason/cats_outputs/benchmark_local_committee_3judge/benchmark_baseline_48_20260705_r2/mistral7b/e2e/runtime/baseline/final/detailed_results.json,0d6bfa3d3c8bb87c2f5814fca15aa4b407e4b468893b8ae6f06021b771dbe8a0,/scratch/kudhru/rag-reason/cats_outputs/benchmark_local_committee_3judge/benchmark_baseline_48_20260705_r2/mistral7b/e2e/runtime/baseline/response_cache
benchmark_set_all_modes/mistral7b/e2e/runtime/sft,pabitra,benchmark_sft_qd_collect27_20260706_r1,exact_cache_match,736,956,889,850,760,886,0.7505061867266591,0.7187293183322303,0.9934383202099738,0.9940436796823295,0.8941176470588236,0.8941176470588236,0.2753143613500993,0.005956320317670417,0.3565804274465692,0.010123734533183352,0.5930962343096234,0.7918410041841004,0.5930962343096234,0.7918410041841004,1511,1086,1502,416,9,/Users/shubhammishra/Desktop/rag_reason-CATS_interactive/CATS_v2/outputs/benchmark_local_committee_3judge/benchmark_set_all_modes/mistral7b/e2e/runtime/sft/final/detailed_results.json,/Users/shubhammishra/Desktop/rag_reason-CATS_interactive/CATS_v2/inputs/prepped_model_eval_inputs/benchmark_set_all_modes/mistral7b/e2e/runtime/sft/input.jsonl,/scratch/pabitra/rag-reason/cats_outputs/benchmark_local_committee_3judge/benchmark_sft_qd_collect27_20260706_r1/mistral7b/e2e/runtime/sft/final/detailed_results.json,735cbe54fcdbc83a089fd9fde5e7fd3ddb856f53b81f8538c9917836b93588fa,/scratch/pabitra/rag-reason/cats_outputs/benchmark_local_committee_3judge/benchmark_sft_qd_collect27_20260706_r1/mistral7b/e2e/runtime/sft/response_cache
benchmark_set_all_modes/mistral7b/e2e/strict/baseline,kudhru,benchmark_baseline_48_20260705_r2,exact_cache_match,736,1163,729,1031,649,727,0.7636716963877458,0.7307940606843124,0.9934842249657064,0.9941897998708844,0.6294859359844811,0.6294859359844811,0.263395739186572,0.005810200129115558,0.36899862825788754,0.012345679012345678,0.39208942390369733,0.5537403267411866,0.39208942390369733,0.5537403267411866,1549,1132,1540,408,9,/Users/shubhammishra/Desktop/rag_reason-CATS_interactive/CATS_v2/outputs/benchmark_local_committee_3judge/benchmark_set_all_modes/mistral7b/e2e/strict/baseline/final/detailed_results.json,/Users/shubhammishra/Desktop/rag_reason-CATS_interactive/CATS_v2/inputs/prepped_model_eval_inputs/benchmark_set_all_modes/mistral7b/e2e/strict/baseline/input.jsonl,/scratch/kudhru/rag-reason/cats_outputs/benchmark_local_committee_3judge/benchmark_baseline_48_20260705_r2/mistral7b/e2e/strict/baseline/final/detailed_results.json,69960c87149b29c9570471915529cfd2f53e924c1fcb38ec8d93a71a5ae9a9c4,/scratch/kudhru/rag-reason/cats_outputs/benchmark_local_committee_3judge/benchmark_baseline_48_20260705_r2/mistral7b/e2e/strict/baseline/response_cache
benchmark_set_all_modes/mistral7b/e2e/strict/sft,pabitra,benchmark_sft_qd_collect27_20260706_r1,exact_cache_match,736,991,928,891,815,926,0.7503232758620689,0.712636695018226,0.9944324712643678,0.9945321992709599,0.9147025813692481,0.9147025813692481,0.2818955042527339,0.0054678007290400975,0.38254310344827586,0.009698275862068966,0.5751765893037336,0.8193743693239153,0.5751765893037336,0.8193743693239153,1646,1173,1637,464,9,/Users/shubhammishra/Desktop/rag_reason-CATS_interactive/CATS_v2/outputs/benchmark_local_committee_3judge/benchmark_set_all_modes/mistral7b/e2e/strict/sft/final/detailed_results.json,/Users/shubhammishra/Desktop/rag_reason-CATS_interactive/CATS_v2/inputs/prepped_model_eval_inputs/benchmark_set_all_modes/mistral7b/e2e/strict/sft/input.jsonl,/scratch/pabitra/rag-reason/cats_outputs/benchmark_local_committee_3judge/benchmark_sft_qd_collect27_20260706_r1/mistral7b/e2e/strict/sft/final/detailed_results.json,ac53cfbb792126bb84c81f34dc0029ed5bae85d0dd737be83b06f4c63532817a,/scratch/pabitra/rag-reason/cats_outputs/benchmark_local_committee_3judge/benchmark_sft_qd_collect27_20260706_r1/mistral7b/e2e/strict/sft/response_cache
benchmark_set_all_modes/mistral7b/oracle_both/minimal/baseline,kudhru,benchmark_baseline_48_20260705_r2,exact_cache_match,736,1858,513,1395,453,504,0.8299220272904484,0.804932735426009,0.9813190383365822,0.9831838565022422,0.3247311827956989,0.3247311827956989,0.17825112107623317,0.016816143497757848,0.2124756335282651,0.021442495126705652,0.21259418729817006,0.24381054897739504,0.21259418729817006,0.24381054897739504,892,718,877,159,15,/Users/shubhammishra/Desktop/rag_reason-CATS_interactive/CATS_v2/outputs/benchmark_local_committee_3judge/benchmark_set_all_modes/mistral7b/oracle_both/minimal/baseline/final/detailed_results.json,/Users/shubhammishra/Desktop/rag_reason-CATS_interactive/CATS_v2/inputs/prepped_model_eval_inputs/benchmark_set_all_modes/mistral7b/oracle_both/minimal/baseline/input.jsonl,/scratch/kudhru/rag-reason/cats_outputs/benchmark_local_committee_3judge/benchmark_baseline_48_20260705_r2/mistral7b/oracle_both/minimal/baseline/final/detailed_results.json,29482f45bf9169b52fd5c8ae57804e8bc00ed7d0df5fc76a4012c23b9a675914,/scratch/kudhru/rag-reason/cats_outputs/benchmark_local_committee_3judge/benchmark_baseline_48_20260705_r2/mistral7b/oracle_both/minimal/baseline/response_cache
benchmark_set_all_modes/mistral7b/oracle_both/minimal/sft,pabitra,benchmark_sft_qd_collect27_20260706_r1,exact_cache_match,736,1025,975,933,867,974,0.7751111111111111,0.7406103286384976,0.9982905982905983,0.9982394366197183,0.9292604501607717,0.9292604501607717,0.2576291079812207,0.0017605633802816902,0.3425641025641026,0.003076923076923077,0.6234146341463415,0.8439024390243902,0.6234146341463415,0.8439024390243902,1704,1262,1701,439,3,/Users/shubhammishra/Desktop/rag_reason-CATS_interactive/CATS_v2/outputs/benchmark_local_committee_3judge/benchmark_set_all_modes/mistral7b/oracle_both/minimal/sft/final/detailed_results.json,/Users/shubhammishra/Desktop/rag_reason-CATS_interactive/CATS_v2/inputs/prepped_model_eval_inputs/benchmark_set_all_modes/mistral7b/oracle_both/minimal/sft/input.jsonl,/scratch/pabitra/rag-reason/cats_outputs/benchmark_local_committee_3judge/benchmark_sft_qd_collect27_20260706_r1/mistral7b/oracle_both/minimal/sft/final/detailed_results.json,0a74ce331bd2897f19b84efcfa50f2ae2430ae4c846092858bb6d046c349360d,/scratch/pabitra/rag-reason/cats_outputs/benchmark_local_committee_3judge/benchmark_sft_qd_collect27_20260706_r1/mistral7b/oracle_both/minimal/sft/response_cache
benchmark_set_all_modes/mistral7b/oracle_both/runtime/baseline,kudhru,benchmark_baseline_48_20260705_r2,exact_cache_match,736,1145,321,920,299,320,0.8733125649013499,0.8557692307692307,0.9968847352024922,0.9972527472527473,0.325,0.325,0.14148351648351648,0.0027472527472527475,0.205607476635514,0.003115264797507788,0.22183406113537119,0.2611353711790393,0.22183406113537119,0.2611353711790393,728,623,726,103,2,/Users/shubhammishra/Desktop/rag_reason-CATS_interactive/CATS_v2/outputs/benchmark_local_committee_3judge/benchmark_set_all_modes/mistral7b/oracle_both/runtime/baseline/final/detailed_results.json,/Users/shubhammishra/Desktop/rag_reason-CATS_interactive/CATS_v2/inputs/prepped_model_eval_inputs/benchmark_set_all_modes/mistral7b/oracle_both/runtime/baseline/input.jsonl,/scratch/kudhru/rag-reason/cats_outputs/benchmark_local_committee_3judge/benchmark_baseline_48_20260705_r2/mistral7b/oracle_both/runtime/baseline/final/detailed_results.json,0cba67b3561d9bfb99195c5a0794c4319e459115acb63d63461cde33bcecbd0c,/scratch/kudhru/rag-reason/cats_outputs/benchmark_local_committee_3judge/benchmark_baseline_48_20260705_r2/mistral7b/oracle_both/runtime/baseline/response_cache
benchmark_set_all_modes/mistral7b/oracle_both/runtime/sft,pabitra,benchmark_sft_qd_collect27_20260706_r1,exact_cache_match,736,1028,979,949,873,977,0.7865849506298944,0.7565827969572849,0.9974463738508682,0.9982445874780573,0.9199157007376185,0.9199157007376185,0.24166179052077238,0.0017554125219426564,0.3237997957099081,0.0030643513789581204,0.642023346303502,0.8492217898832685,0.642023346303502,0.8492217898832685,1709,1293,1706,413,3,/Users/shubhammishra/Desktop/rag_reason-CATS_interactive/CATS_v2/outputs/benchmark_local_committee_3judge/benchmark_set_all_modes/mistral7b/oracle_both/runtime/sft/final/detailed_results.json,/Users/shubhammishra/Desktop/rag_reason-CATS_interactive/CATS_v2/inputs/prepped_model_eval_inputs/benchmark_set_all_modes/mistral7b/oracle_both/runtime/sft/input.jsonl,/scratch/pabitra/rag-reason/cats_outputs/benchmark_local_committee_3judge/benchmark_sft_qd_collect27_20260706_r1/mistral7b/oracle_both/runtime/sft/final/detailed_results.json,fc85a77e3e46b3fac5538bf0880f8ec751625eb6dc986765bde2143023fc563a,/scratch/pabitra/rag-reason/cats_outputs/benchmark_local_committee_3judge/benchmark_sft_qd_collect27_20260706_r1/mistral7b/oracle_both/runtime/sft/response_cache
benchmark_set_all_modes/mistral7b/oracle_both/strict/baseline,kudhru,benchmark_baseline_48_20260705_r2,exact_cache_match,736,1280,735,1118,674,735,0.813469387755102,0.7739130434782608,0.9987301587301587,0.9975155279503105,0.6028622540250447,0.6028622540250447,0.2236024844720497,0.002484472049689441,0.2965986394557823,0.0027210884353741495,0.40234375,0.525,0.40234375,0.525,1610,1246,1606,360,4,/Users/shubhammishra/Desktop/rag_reason-CATS_interactive/CATS_v2/outputs/benchmark_local_committee_3judge/benchmark_set_all_modes/mistral7b/oracle_both/strict/baseline/final/detailed_results.json,/Users/shubhammishra/Desktop/rag_reason-CATS_interactive/CATS_v2/inputs/prepped_model_eval_inputs/benchmark_set_all_modes/mistral7b/oracle_both/strict/baseline/input.jsonl,/scratch/kudhru/rag-reason/cats_outputs/benchmark_local_committee_3judge/benchmark_baseline_48_20260705_r2/mistral7b/oracle_both/strict/baseline/final/detailed_results.json,0b251cf63a517fae336caac229179e4b332b94911e14f0efc0134c70d519be26,/scratch/kudhru/rag-reason/cats_outputs/benchmark_local_committee_3judge/benchmark_baseline_48_20260705_r2/mistral7b/oracle_both/strict/baseline/response_cache
benchmark_set_all_modes/mistral7b/oracle_both/strict/sft,pabitra,benchmark_sft_qd_collect27_20260706_r1,exact_cache_match,736,994,939,893,831,939,0.7859602413915513,0.756969696969697,0.9978700745473909,0.9975757575757576,0.9305711086226204,0.9305711086226204,0.2406060606060606,0.0024242424242424242,0.3226837060702875,0.004259850905218318,0.6368209255533199,0.8329979879275654,0.6368209255533199,0.8329979879275654,1650,1249,1646,397,4,/Users/shubhammishra/Desktop/rag_reason-CATS_interactive/CATS_v2/outputs/benchmark_local_committee_3judge/benchmark_set_all_modes/mistral7b/oracle_both/strict/sft/final/detailed_results.json,/Users/shubhammishra/Desktop/rag_reason-CATS_interactive/CATS_v2/inputs/prepped_model_eval_inputs/benchmark_set_all_modes/mistral7b/oracle_both/strict/sft/input.jsonl,/scratch/pabitra/rag-reason/cats_outputs/benchmark_local_committee_3judge/benchmark_sft_qd_collect27_20260706_r1/mistral7b/oracle_both/strict/sft/final/detailed_results.json,eb50c9792b747aa871bf56777a8a1e1393993facb1ed6e3d3860a5fadab7b90a,/scratch/pabitra/rag-reason/cats_outputs/benchmark_local_committee_3judge/benchmark_sft_qd_collect27_20260706_r1/mistral7b/oracle_both/strict/sft/response_cache
benchmark_set_all_modes/mistral7b/oracle_conflict/minimal/baseline,kudhru,benchmark_baseline_48_20260705_r2,exact_cache_match,736,2019,432,1498,360,431,0.7770061728395061,0.7481698389458272,0.9965277777777778,0.9970717423133236,0.24032042723631508,0.24032042723631508,0.24890190336749635,0.0029282576866764276,0.27546296296296297,0.004629629629629629,0.15403665180782566,0.17781079742446756,0.15403665180782566,0.17781079742446756,683,511,681,170,2,/Users/shubhammishra/Desktop/rag_reason-CATS_interactive/CATS_v2/outputs/benchmark_local_committee_3judge/benchmark_set_all_modes/mistral7b/oracle_conflict/minimal/baseline/final/detailed_results.json,/Users/shubhammishra/Desktop/rag_reason-CATS_interactive/CATS_v2/inputs/prepped_model_eval_inputs/benchmark_set_all_modes/mistral7b/oracle_conflict/minimal/baseline/input.jsonl,/scratch/kudhru/rag-reason/cats_outputs/benchmark_local_committee_3judge/benchmark_baseline_48_20260705_r2/mistral7b/oracle_conflict/minimal/baseline/final/detailed_results.json,f42707ffbe7ba463f8349ee625808db74b6b33f23fa01fc1cf1f998a9ffd4573,/scratch/kudhru/rag-reason/cats_outputs/benchmark_local_committee_3judge/benchmark_baseline_48_20260705_r2/mistral7b/oracle_conflict/minimal/baseline/response_cache
benchmark_set_all_modes/mistral7b/oracle_conflict/minimal/sft,pabitra,benchmark_sft_qd_collect27_20260706_r1,exact_cache_match,736,970,909,870,794,905,0.7502383571690502,0.7177677998717127,0.9918408507517419,0.9923027581783195,0.9126436781609195,0.9126436781609195,0.2745349583066068,0.007697241821680564,0.36743674367436746,0.013201320132013201,0.5845360824742268,0.8134020618556701,0.5845360824742268,0.8134020618556701,1559,1119,1547,428,12,/Users/shubhammishra/Desktop/rag_reason-CATS_interactive/CATS_v2/outputs/benchmark_local_committee_3judge/benchmark_set_all_modes/mistral7b/oracle_conflict/minimal/sft/final/detailed_results.json,/Users/shubhammishra/Desktop/rag_reason-CATS_interactive/CATS_v2/inputs/prepped_model_eval_inputs/benchmark_set_all_modes/mistral7b/oracle_conflict/minimal/sft/input.jsonl,/scratch/pabitra/rag-reason/cats_outputs/benchmark_local_committee_3judge/benchmark_sft_qd_collect27_20260706_r1/mistral7b/oracle_conflict/minimal/sft/final/detailed_results.json,2699f4ee82ee163beab407f9a97042907f5c050588b07c760ed2c839d2594030,/scratch/pabitra/rag-reason/cats_outputs/benchmark_local_committee_3judge/benchmark_sft_qd_collect27_20260706_r1/mistral7b/oracle_conflict/minimal/sft/response_cache
benchmark_set_all_modes/mistral7b/oracle_conflict/runtime/baseline,kudhru,benchmark_baseline_48_20260705_r2,exact_cache_match,736,1236,309,950,283,308,0.7935198027431037,0.7544827586206897,0.9912621359223301,0.993103448275862,0.29789473684210527,0.29789473684210527,0.2386206896551724,0.006896551724137931,0.3333333333333333,0.016181229773462782,0.1634304207119741,0.22572815533980584,0.1634304207119741,0.22572815533980584,725,547,720,173,5,/Users/shubhammishra/Desktop/rag_reason-CATS_interactive/CATS_v2/outputs/benchmark_local_committee_3judge/benchmark_set_all_modes/mistral7b/oracle_conflict/runtime/baseline/final/detailed_results.json,/Users/shubhammishra/Desktop/rag_reason-CATS_interactive/CATS_v2/inputs/prepped_model_eval_inputs/benchmark_set_all_modes/mistral7b/oracle_conflict/runtime/baseline/input.jsonl,/scratch/kudhru/rag-reason/cats_outputs/benchmark_local_committee_3judge/benchmark_baseline_48_20260705_r2/mistral7b/oracle_conflict/runtime/baseline/final/detailed_results.json,808df13686385b247826f0196a5b8cead81843fc2b87b2af0f0a11137cc41308,/scratch/kudhru/rag-reason/cats_outputs/benchmark_local_committee_3judge/benchmark_baseline_48_20260705_r2/mistral7b/oracle_conflict/runtime/baseline/response_cache
benchmark_set_all_modes/mistral7b/oracle_conflict/runtime/sft,pabitra,benchmark_sft_qd_collect27_20260706_r1,exact_cache_match,736,956,888,861,775,884,0.7480855855855856,0.7175472928897586,0.9928678678678678,0.9934768427919113,0.9001161440185831,0.9001161440185831,0.2759295499021526,0.006523157208088715,0.38288288288288286,0.01126126126126126,0.5669456066945606,0.8064853556485355,0.5669456066945606,0.8064853556485355,1533,1100,1523,423,10,/Users/shubhammishra/Desktop/rag_reason-CATS_interactive/CATS_v2/outputs/benchmark_local_committee_3judge/benchmark_set_all_modes/mistral7b/oracle_conflict/runtime/sft/final/detailed_results.json,/Users/shubhammishra/Desktop/rag_reason-CATS_interactive/CATS_v2/inputs/prepped_model_eval_inputs/benchmark_set_all_modes/mistral7b/oracle_conflict/runtime/sft/input.jsonl,/scratch/pabitra/rag-reason/cats_outputs/benchmark_local_committee_3judge/benchmark_sft_qd_collect27_20260706_r1/mistral7b/oracle_conflict/runtime/sft/final/detailed_results.json,ad65f3e5984f6578e69154ac7060c2bf2d7638424599465e4f5ded81712bf733,/scratch/pabitra/rag-reason/cats_outputs/benchmark_local_committee_3judge/benchmark_sft_qd_collect27_20260706_r1/mistral7b/oracle_conflict/runtime/sft/response_cache
benchmark_set_all_modes/mistral7b/oracle_conflict/strict/baseline,kudhru,benchmark_baseline_48_20260705_r2,exact_cache_match,736,935,230,795,217,230,0.8379710144927536,0.8032128514056225,0.9985507246376811,0.9979919678714859,0.2729559748427673,0.2729559748427673,0.19477911646586346,0.002008032128514056,0.2956521739130435,0.004347826086956522,0.17219251336898395,0.23101604278074866,0.17219251336898395,0.23101604278074866,498,400,497,97,1,/Users/shubhammishra/Desktop/rag_reason-CATS_interactive/CATS_v2/outputs/benchmark_local_committee_3judge/benchmark_set_all_modes/mistral7b/oracle_conflict/strict/baseline/final/detailed_results.json,/Users/shubhammishra/Desktop/rag_reason-CATS_interactive/CATS_v2/inputs/prepped_model_eval_inputs/benchmark_set_all_modes/mistral7b/oracle_conflict/strict/baseline/input.jsonl,/scratch/kudhru/rag-reason/cats_outputs/benchmark_local_committee_3judge/benchmark_baseline_48_20260705_r2/mistral7b/oracle_conflict/strict/baseline/final/detailed_results.json,bb7fc982caaba2fa20018af6e59b0496091fcc747c42fce473f93723fddf6b2b,/scratch/kudhru/rag-reason/cats_outputs/benchmark_local_committee_3judge/benchmark_baseline_48_20260705_r2/mistral7b/oracle_conflict/strict/baseline/response_cache
benchmark_set_all_modes/mistral7b/oracle_conflict/strict/sft,pabitra,benchmark_sft_qd_collect27_20260706_r1,exact_cache_match,736,969,893,853,764,890,0.7314669652855543,0.7021414665801428,0.9947741694662188,0.9954574951330305,0.895662368112544,0.895662368112544,0.29331602855288774,0.004542504866969501,0.39417693169092943,0.007838745800671893,0.5531475748194015,0.7853457172342622,0.5531475748194015,0.7853457172342622,1541,1082,1534,452,7,/Users/shubhammishra/Desktop/rag_reason-CATS_interactive/CATS_v2/outputs/benchmark_local_committee_3judge/benchmark_set_all_modes/mistral7b/oracle_conflict/strict/sft/final/detailed_results.json,/Users/shubhammishra/Desktop/rag_reason-CATS_interactive/CATS_v2/inputs/prepped_model_eval_inputs/benchmark_set_all_modes/mistral7b/oracle_conflict/strict/sft/input.jsonl,/scratch/pabitra/rag-reason/cats_outputs/benchmark_local_committee_3judge/benchmark_sft_qd_collect27_20260706_r1/mistral7b/oracle_conflict/strict/sft/final/detailed_results.json,52be510fd2c6929ab7ed60fce6e3aca03f99587be8d6ffe52e07b74aea34e747,/scratch/pabitra/rag-reason/cats_outputs/benchmark_local_committee_3judge/benchmark_sft_qd_collect27_20260706_r1/mistral7b/oracle_conflict/strict/sft/response_cache
benchmark_set_all_modes/mistral7b/oracle_notes/minimal/baseline,kudhru,benchmark_baseline_48_20260705_r2,exact_cache_match,736,1622,422,1378,397,422,0.8687203791469195,0.819364161849711,1.0,1.0,0.2880986937590711,0.2880986937590711,0.18063583815028902,0.0,0.2109004739336493,0.0,0.20530209617755857,0.24475955610357583,0.20530209617755857,0.24475955610357583,692,567,692,125,0,/Users/shubhammishra/Desktop/rag_reason-CATS_interactive/CATS_v2/outputs/benchmark_local_committee_3judge/benchmark_set_all_modes/mistral7b/oracle_notes/minimal/baseline/final/detailed_results.json,/Users/shubhammishra/Desktop/rag_reason-CATS_interactive/CATS_v2/inputs/prepped_model_eval_inputs/benchmark_set_all_modes/mistral7b/oracle_notes/minimal/baseline/input.jsonl,/scratch/kudhru/rag-reason/cats_outputs/benchmark_local_committee_3judge/benchmark_baseline_48_20260705_r2/mistral7b/oracle_notes/minimal/baseline/final/detailed_results.json,6291f0b98e85d9fec1bb2fd962f8ede5b4b0940fec86055ac5571a6440282139,/scratch/kudhru/rag-reason/cats_outputs/benchmark_local_committee_3judge/benchmark_baseline_48_20260705_r2/mistral7b/oracle_notes/minimal/baseline/response_cache
benchmark_set_all_modes/mistral7b/oracle_notes/minimal/sft,pabitra,benchmark_sft_missing8_qd_collect_20260708_r1,exact_cache_match,736,1007,957,909,841,957,0.7652734238941136,0.7324455205811138,0.9986067572274469,0.9981840193704601,0.9251925192519251,0.9251925192519251,0.26573849878934624,0.0018159806295399517,0.3552769070010449,0.003134796238244514,0.6117179741807348,0.8331678252234359,0.6117179741807348,0.8331678252234359,1652,1210,1649,439,3,/Users/shubhammishra/Desktop/rag_reason-CATS_interactive/CATS_v2/outputs/benchmark_local_committee_3judge/benchmark_set_all_modes/mistral7b/oracle_notes/minimal/sft/final/detailed_results.json,/Users/shubhammishra/Desktop/rag_reason-CATS_interactive/CATS_v2/inputs/prepped_model_eval_inputs/benchmark_set_all_modes/mistral7b/oracle_notes/minimal/sft/input.jsonl,/scratch/pabitra/rag-reason/cats_outputs/benchmark_local_committee_3judge/benchmark_sft_missing8_qd_collect_20260708_r1/mistral7b/oracle_notes/minimal/sft/final/detailed_results.json,5a2a1ca14b068a95275b4645827bbb9916cce3732225438b8236fe3537742c2a,/scratch/pabitra/rag-reason/cats_outputs/benchmark_local_committee_3judge/benchmark_sft_missing8_qd_collect_20260708_r1/mistral7b/oracle_notes/minimal/sft/response_cache
benchmark_set_all_modes/mistral7b/oracle_notes/runtime/baseline,kudhru,benchmark_baseline_48_20260705_r2,exact_cache_match,736,1031,336,823,328,336,0.8946924603174603,0.8671328671328671,1.0,1.0,0.3985419198055893,0.3985419198055893,0.13286713286713286,0.0,0.2261904761904762,0.0,0.2521823472356935,0.3181377303588749,0.2521823472356935,0.3181377303588749,858,744,858,114,0,/Users/shubhammishra/Desktop/rag_reason-CATS_interactive/CATS_v2/outputs/benchmark_local_committee_3judge/benchmark_set_all_modes/mistral7b/oracle_notes/runtime/baseline/final/detailed_results.json,/Users/shubhammishra/Desktop/rag_reason-CATS_interactive/CATS_v2/inputs/prepped_model_eval_inputs/benchmark_set_all_modes/mistral7b/oracle_notes/runtime/baseline/input.jsonl,/scratch/kudhru/rag-reason/cats_outputs/benchmark_local_committee_3judge/benchmark_baseline_48_20260705_r2/mistral7b/oracle_notes/runtime/baseline/final/detailed_results.json,2fc81b0bc437e7d53bd870282500cee8ae01a8f56e5eb4540ac9eb9a64defeb6,/scratch/kudhru/rag-reason/cats_outputs/benchmark_local_committee_3judge/benchmark_baseline_48_20260705_r2/mistral7b/oracle_notes/runtime/baseline/response_cache
benchmark_set_all_modes/mistral7b/oracle_notes/runtime/sft,pabitra,benchmark_sft_qd_collect27_20260706_r1,exact_cache_match,736,1028,980,949,881,978,0.7841666666666667,0.7498552403011002,0.9964285714285714,0.9971048060220035,0.928345626975764,0.928345626975764,0.2472495657209033,0.0028951939779965257,0.33877551020408164,0.00510204081632653,0.627431906614786,0.8560311284046692,0.627431906614786,0.8560311284046692,1727,1295,1722,427,5,/Users/shubhammishra/Desktop/rag_reason-CATS_interactive/CATS_v2/outputs/benchmark_local_committee_3judge/benchmark_set_all_modes/mistral7b/oracle_notes/runtime/sft/final/detailed_results.json,/Users/shubhammishra/Desktop/rag_reason-CATS_interactive/CATS_v2/inputs/prepped_model_eval_inputs/benchmark_set_all_modes/mistral7b/oracle_notes/runtime/sft/input.jsonl,/scratch/pabitra/rag-reason/cats_outputs/benchmark_local_committee_3judge/benchmark_sft_qd_collect27_20260706_r1/mistral7b/oracle_notes/runtime/sft/final/detailed_results.json,5f50db5f5d4cdc4ca0c9bb93cc1b0fcce0e6d2e3e6a89066f497d126ed6d16fc,/scratch/pabitra/rag-reason/cats_outputs/benchmark_local_committee_3judge/benchmark_sft_qd_collect27_20260706_r1/mistral7b/oracle_notes/runtime/sft/response_cache
benchmark_set_all_modes/mistral7b/oracle_notes/strict/baseline,kudhru,benchmark_baseline_48_20260705_r2,exact_cache_match,736,1140,694,1026,639,694,0.8045389048991355,0.7682038834951457,0.9997118155619596,0.9993932038834952,0.6228070175438597,0.6228070175438597,0.23118932038834952,0.0006067961165048543,0.3242074927953891,0.001440922190201729,0.4114035087719298,0.5605263157894737,0.4114035087719298,0.5605263157894737,1648,1266,1647,381,1,/Users/shubhammishra/Desktop/rag_reason-CATS_interactive/CATS_v2/outputs/benchmark_local_committee_3judge/benchmark_set_all_modes/mistral7b/oracle_notes/strict/baseline/final/detailed_results.json,/Users/shubhammishra/Desktop/rag_reason-CATS_interactive/CATS_v2/inputs/prepped_model_eval_inputs/benchmark_set_all_modes/mistral7b/oracle_notes/strict/baseline/input.jsonl,/scratch/kudhru/rag-reason/cats_outputs/benchmark_local_committee_3judge/benchmark_baseline_48_20260705_r2/mistral7b/oracle_notes/strict/baseline/final/detailed_results.json,4eae0103ac65aa0ac5adb4f7256bd404765db563a95349f75c14a41c7bdc2275,/scratch/kudhru/rag-reason/cats_outputs/benchmark_local_committee_3judge/benchmark_baseline_48_20260705_r2/mistral7b/oracle_notes/strict/baseline/response_cache
benchmark_set_all_modes/mistral7b/oracle_notes/strict/sft,pabitra,benchmark_sft_qd_collect27_20260706_r1,exact_cache_match,736,1011,945,922,854,945,0.786084656084656,0.7476359338061466,1.0,1.0,0.9262472885032538,0.9262472885032538,0.25236406619385343,0.0,0.33650793650793653,0.0,0.6201780415430267,0.8447082096933729,0.6201780415430267,0.8447082096933729,1692,1265,1692,427,0,/Users/shubhammishra/Desktop/rag_reason-CATS_interactive/CATS_v2/outputs/benchmark_local_committee_3judge/benchmark_set_all_modes/mistral7b/oracle_notes/strict/sft/final/detailed_results.json,/Users/shubhammishra/Desktop/rag_reason-CATS_interactive/CATS_v2/inputs/prepped_model_eval_inputs/benchmark_set_all_modes/mistral7b/oracle_notes/strict/sft/input.jsonl,/scratch/pabitra/rag-reason/cats_outputs/benchmark_local_committee_3judge/benchmark_sft_qd_collect27_20260706_r1/mistral7b/oracle_notes/strict/sft/final/detailed_results.json,503624301823c443ee98c2666488e29978d25d82085612cc555d950651bbf7b7,/scratch/pabitra/rag-reason/cats_outputs/benchmark_local_committee_3judge/benchmark_sft_qd_collect27_20260706_r1/mistral7b/oracle_notes/strict/sft/response_cache
benchmark_set_all_modes/qwen32b/e2e/minimal/baseline,kudhru,benchmark_baseline_48_20260705_r2,exact_cache_match,736,1504,204,1342,186,204,0.8944444444444445,0.8666666666666667,0.9975490196078431,0.9964912280701754,0.13859910581222057,0.13859910581222057,0.12982456140350876,0.0035087719298245615,0.12254901960784313,0.004901960784313725,0.11835106382978723,0.12300531914893617,0.11835106382978723,0.12300531914893617,285,247,284,37,1,/Users/shubhammishra/Desktop/rag_reason-CATS_interactive/CATS_v2/outputs/benchmark_local_committee_3judge/benchmark_set_all_modes/qwen32b/e2e/minimal/baseline/final/detailed_results.json,/Users/shubhammishra/Desktop/rag_reason-CATS_interactive/CATS_v2/inputs/prepped_model_eval_inputs/benchmark_set_all_modes/qwen32b/e2e/minimal/baseline/input.jsonl,/scratch/kudhru/rag-reason/cats_outputs/benchmark_local_committee_3judge/benchmark_baseline_48_20260705_r2/qwen32b/e2e/minimal/baseline/final/detailed_results.json,1f8f3be4d649e3997b94fa71b8c2beac67a77189656cc65dabbda2dd5dec4f84,/scratch/kudhru/rag-reason/cats_outputs/benchmark_local_committee_3judge/benchmark_baseline_48_20260705_r2/qwen32b/e2e/minimal/baseline/response_cache
benchmark_set_all_modes/qwen32b/e2e/minimal/sft,pabitra,benchmark_sft_qd_collect27_20260706_r1,exact_cache_match,736,748,720,709,622,716,0.8141203703703703,0.7901878914405011,0.9930555555555556,0.9937369519832986,0.8772919605077574,0.8772919605077574,0.2035490605427975,0.006263048016701462,0.23194444444444445,0.008333333333333333,0.732620320855615,0.8302139037433155,0.732620320855615,0.8302139037433155,958,757,952,195,6,/Users/shubhammishra/Desktop/rag_reason-CATS_interactive/CATS_v2/outputs/benchmark_local_committee_3judge/benchmark_set_all_modes/qwen32b/e2e/minimal/sft/final/detailed_results.json,/Users/shubhammishra/Desktop/rag_reason-CATS_interactive/CATS_v2/inputs/prepped_model_eval_inputs/benchmark_set_all_modes/qwen32b/e2e/minimal/sft/input.jsonl,/scratch/pabitra/rag-reason/cats_outputs/benchmark_local_committee_3judge/benchmark_sft_qd_collect27_20260706_r1/qwen32b/e2e/minimal/sft/final/detailed_results.json,34bbb942d5315144ba4bdba5127fa915536d29ea5d3e320a3fe114e11de847f7,/scratch/pabitra/rag-reason/cats_outputs/benchmark_local_committee_3judge/benchmark_sft_qd_collect27_20260706_r1/qwen32b/e2e/minimal/sft/response_cache
benchmark_set_all_modes/qwen32b/e2e/runtime/baseline,kudhru,benchmark_baseline_48_20260705_r2,exact_cache_match,736,1349,1151,1280,1081,1150,0.8062119895742832,0.7605579232855483,0.9979727772951057,0.9984502130956994,0.84453125,0.84453125,0.2378922898101511,0.0015497869043006587,0.3353605560382276,0.0034752389226759338,0.56412157153447,0.799110452186805,0.56412157153447,0.799110452186805,2581,1963,2577,614,4,/Users/shubhammishra/Desktop/rag_reason-CATS_interactive/CATS_v2/outputs/benchmark_local_committee_3judge/benchmark_set_all_modes/qwen32b/e2e/runtime/baseline/final/detailed_results.json,/Users/shubhammishra/Desktop/rag_reason-CATS_interactive/CATS_v2/inputs/prepped_model_eval_inputs/benchmark_set_all_modes/qwen32b/e2e/runtime/baseline/input.jsonl,/scratch/kudhru/rag-reason/cats_outputs/benchmark_local_committee_3judge/benchmark_baseline_48_20260705_r2/qwen32b/e2e/runtime/baseline/final/detailed_results.json,20658fb0d4d37020d8e709539876fd3b1af9aa448cbdc3f4d5eadcd5b3738e7b,/scratch/kudhru/rag-reason/cats_outputs/benchmark_local_committee_3judge/benchmark_baseline_48_20260705_r2/qwen32b/e2e/runtime/baseline/response_cache
benchmark_set_all_modes/qwen32b/e2e/runtime/sft,pabitra,benchmark_sft_qd_collect27_20260706_r1,exact_cache_match,736,750,717,712,618,713,0.8210367271036727,0.799163179916318,0.9944211994421199,0.99581589958159,0.8679775280898876,0.8679775280898876,0.19665271966527198,0.0041841004184100415,0.21896792189679218,0.005578800557880056,0.7413333333333333,0.824,0.7413333333333333,0.824,956,764,952,188,4,/Users/shubhammishra/Desktop/rag_reason-CATS_interactive/CATS_v2/outputs/benchmark_local_committee_3judge/benchmark_set_all_modes/qwen32b/e2e/runtime/sft/final/detailed_results.json,/Users/shubhammishra/Desktop/rag_reason-CATS_interactive/CATS_v2/inputs/prepped_model_eval_inputs/benchmark_set_all_modes/qwen32b/e2e/runtime/sft/input.jsonl,/scratch/pabitra/rag-reason/cats_outputs/benchmark_local_committee_3judge/benchmark_sft_qd_collect27_20260706_r1/qwen32b/e2e/runtime/sft/final/detailed_results.json,d8971d2fe1914f9ee77be68eafb93da750018f91d07d6620b9861bb777cd744c,/scratch/pabitra/rag-reason/cats_outputs/benchmark_local_committee_3judge/benchmark_sft_qd_collect27_20260706_r1/qwen32b/e2e/runtime/sft/response_cache
benchmark_set_all_modes/qwen32b/e2e/strict/baseline,kudhru,benchmark_baseline_48_20260705_r2,exact_cache_match,736,1516,1296,1435,1204,1295,0.8304012345679013,0.7935902327355971,0.9970164609053498,0.9969477298740939,0.8390243902439024,0.8390243902439024,0.20335749713849677,0.003052270125906143,0.2716049382716049,0.006172839506172839,0.6187335092348285,0.7895778364116095,0.6187335092348285,0.7895778364116095,2621,2080,2613,533,8,/Users/shubhammishra/Desktop/rag_reason-CATS_interactive/CATS_v2/outputs/benchmark_local_committee_3judge/benchmark_set_all_modes/qwen32b/e2e/strict/baseline/final/detailed_results.json,/Users/shubhammishra/Desktop/rag_reason-CATS_interactive/CATS_v2/inputs/prepped_model_eval_inputs/benchmark_set_all_modes/qwen32b/e2e/strict/baseline/input.jsonl,/scratch/kudhru/rag-reason/cats_outputs/benchmark_local_committee_3judge/benchmark_baseline_48_20260705_r2/qwen32b/e2e/strict/baseline/final/detailed_results.json,01f070a42a6d4eb7bb26f512327fd753d8d8dea89590d995561925f5dd17caf2,/scratch/kudhru/rag-reason/cats_outputs/benchmark_local_committee_3judge/benchmark_baseline_48_20260705_r2/qwen32b/e2e/strict/baseline/response_cache
benchmark_set_all_modes/qwen32b/e2e/strict/sft,pabitra,benchmark_sft_missing8_qd_collect_20260708_r1,exact_cache_match,736,741,709,699,610,707,0.8164551010813352,0.7995712754555199,0.9964739069111425,0.9967845659163987,0.8726752503576538,0.8726752503576538,0.19721329046087888,0.003215434083601286,0.22566995768688294,0.004231311706629055,0.738191632928475,0.8232118758434548,0.738191632928475,0.8232118758434548,933,746,930,184,3,/Users/shubhammishra/Desktop/rag_reason-CATS_interactive/CATS_v2/outputs/benchmark_local_committee_3judge/benchmark_set_all_modes/qwen32b/e2e/strict/sft/final/detailed_results.json,/Users/shubhammishra/Desktop/rag_reason-CATS_interactive/CATS_v2/inputs/prepped_model_eval_inputs/benchmark_set_all_modes/qwen32b/e2e/strict/sft/input.jsonl,/scratch/pabitra/rag-reason/cats_outputs/benchmark_local_committee_3judge/benchmark_sft_missing8_qd_collect_20260708_r1/qwen32b/e2e/strict/sft/final/detailed_results.json,2ae540ae5e0d8a477cc48ea33c5ddc6820b37903022c7be9f78af5197304a1c9,/scratch/pabitra/rag-reason/cats_outputs/benchmark_local_committee_3judge/benchmark_sft_missing8_qd_collect_20260708_r1/qwen32b/e2e/strict/sft/response_cache
benchmark_set_all_modes/qwen32b/oracle_both/minimal/baseline,kudhru,benchmark_baseline_48_20260705_r2,exact_cache_match,736,1341,242,1171,220,237,0.8732782369146006,0.8403361344537815,0.9793388429752066,0.9859943977591037,0.18787361229718189,0.18787361229718189,0.14565826330532214,0.014005602240896359,0.1446280991735537,0.02066115702479339,0.1506338553318419,0.16405667412378822,0.1506338553318419,0.16405667412378822,357,300,352,52,5,/Users/shubhammishra/Desktop/rag_reason-CATS_interactive/CATS_v2/outputs/benchmark_local_committee_3judge/benchmark_set_all_modes/qwen32b/oracle_both/minimal/baseline/final/detailed_results.json,/Users/shubhammishra/Desktop/rag_reason-CATS_interactive/CATS_v2/inputs/prepped_model_eval_inputs/benchmark_set_all_modes/qwen32b/oracle_both/minimal/baseline/input.jsonl,/scratch/kudhru/rag-reason/cats_outputs/benchmark_local_committee_3judge/benchmark_baseline_48_20260705_r2/qwen32b/oracle_both/minimal/baseline/final/detailed_results.json,b7018e38e1ec891eafb18ccd31f9fb35cfd8fa340736d9329b136cec74a34a18,/scratch/kudhru/rag-reason/cats_outputs/benchmark_local_committee_3judge/benchmark_baseline_48_20260705_r2/qwen32b/oracle_both/minimal/baseline/response_cache
benchmark_set_all_modes/qwen32b/oracle_both/minimal/sft,pabitra,benchmark_sft_missing8_qd_collect_20260708_r1,exact_cache_match,736,779,767,751,689,767,0.8531725336810082,0.8314917127071824,1.0,1.0,0.9174434087882823,0.9174434087882823,0.1685082872928177,0.0,0.19947848761408082,0.0,0.7881899871630296,0.8844672657252889,0.7881899871630296,0.8844672657252889,1086,903,1086,183,0,/Users/shubhammishra/Desktop/rag_reason-CATS_interactive/CATS_v2/outputs/benchmark_local_committee_3judge/benchmark_set_all_modes/qwen32b/oracle_both/minimal/sft/final/detailed_results.json,/Users/shubhammishra/Desktop/rag_reason-CATS_interactive/CATS_v2/inputs/prepped_model_eval_inputs/benchmark_set_all_modes/qwen32b/oracle_both/minimal/sft/input.jsonl,/scratch/pabitra/rag-reason/cats_outputs/benchmark_local_committee_3judge/benchmark_sft_missing8_qd_collect_20260708_r1/qwen32b/oracle_both/minimal/sft/final/detailed_results.json,8a37d9eda9e786c040689d41fb176452f610599ff3a768f4bc78b9542139cc5e,/scratch/pabitra/rag-reason/cats_outputs/benchmark_local_committee_3judge/benchmark_sft_missing8_qd_collect_20260708_r1/qwen32b/oracle_both/minimal/sft/response_cache
benchmark_set_all_modes/qwen32b/oracle_both/runtime/baseline,kudhru,benchmark_baseline_48_20260705_r2,exact_cache_match,736,1485,1098,1368,1032,1098,0.8635701275045538,0.8235807860262009,1.0,1.0,0.7543859649122807,0.7543859649122807,0.17641921397379912,0.0,0.2185792349726776,0.0,0.5777777777777777,0.694949494949495,0.5777777777777777,0.694949494949495,2290,1886,2290,404,0,/Users/shubhammishra/Desktop/rag_reason-CATS_interactive/CATS_v2/outputs/benchmark_local_committee_3judge/benchmark_set_all_modes/qwen32b/oracle_both/runtime/baseline/final/detailed_results.json,/Users/shubhammishra/Desktop/rag_reason-CATS_interactive/CATS_v2/inputs/prepped_model_eval_inputs/benchmark_set_all_modes/qwen32b/oracle_both/runtime/baseline/input.jsonl,/scratch/kudhru/rag-reason/cats_outputs/benchmark_local_committee_3judge/benchmark_baseline_48_20260705_r2/qwen32b/oracle_both/runtime/baseline/final/detailed_results.json,bf4c431c6338f2dd6ae63b5be043676ba7091af341a49d565f9f1445edd90d16,/scratch/kudhru/rag-reason/cats_outputs/benchmark_local_committee_3judge/benchmark_baseline_48_20260705_r2/qwen32b/oracle_both/runtime/baseline/response_cache
benchmark_set_all_modes/qwen32b/oracle_both/runtime/sft,pabitra,benchmark_sft_missing8_qd_collect_20260708_r1,exact_cache_match,736,764,741,728,670,740,0.8679712100764733,0.8533201189296333,0.9986504723346828,0.9990089197224975,0.9203296703296703,0.9203296703296703,0.14568880079286423,0.0009910802775024777,0.17273954116059378,0.001349527665317139,0.8010471204188482,0.8769633507853403,0.8010471204188482,0.8769633507853403,1009,861,1008,147,1,/Users/shubhammishra/Desktop/rag_reason-CATS_interactive/CATS_v2/outputs/benchmark_local_committee_3judge/benchmark_set_all_modes/qwen32b/oracle_both/runtime/sft/final/detailed_results.json,/Users/shubhammishra/Desktop/rag_reason-CATS_interactive/CATS_v2/inputs/prepped_model_eval_inputs/benchmark_set_all_modes/qwen32b/oracle_both/runtime/sft/input.jsonl,/scratch/pabitra/rag-reason/cats_outputs/benchmark_local_committee_3judge/benchmark_sft_missing8_qd_collect_20260708_r1/qwen32b/oracle_both/runtime/sft/final/detailed_results.json,700a28864c9222924deb6bfc68a8d2d2f505891eedac199ecaaf884aee0afaa2,/scratch/pabitra/rag-reason/cats_outputs/benchmark_local_committee_3judge/benchmark_sft_missing8_qd_collect_20260708_r1/qwen32b/oracle_both/runtime/sft/response_cache
benchmark_set_all_modes/qwen32b/oracle_both/strict/baseline,kudhru,benchmark_baseline_48_20260705_r2,exact_cache_match,736,1836,1628,1730,1506,1627,0.8357493857493857,0.7849079025549613,0.9988022113022113,0.9985145573380867,0.8705202312138728,0.8705202312138728,0.21360665478312538,0.0014854426619132501,0.2585995085995086,0.002457002457002457,0.6557734204793029,0.8186274509803921,0.6557734204793029,0.8186274509803921,3366,2642,3361,719,5,/Users/shubhammishra/Desktop/rag_reason-CATS_interactive/CATS_v2/outputs/benchmark_local_committee_3judge/benchmark_set_all_modes/qwen32b/oracle_both/strict/baseline/final/detailed_results.json,/Users/shubhammishra/Desktop/rag_reason-CATS_interactive/CATS_v2/inputs/prepped_model_eval_inputs/benchmark_set_all_modes/qwen32b/oracle_both/strict/baseline/input.jsonl,/scratch/kudhru/rag-reason/cats_outputs/benchmark_local_committee_3judge/benchmark_baseline_48_20260705_r2/qwen32b/oracle_both/strict/baseline/final/detailed_results.json,431c14853108831086de103b0533d708c610dbd1d30df1f5ed8c875a8d6f0e3e,/scratch/kudhru/rag-reason/cats_outputs/benchmark_local_committee_3judge/benchmark_baseline_48_20260705_r2/qwen32b/oracle_both/strict/baseline/response_cache
benchmark_set_all_modes/qwen32b/oracle_both/strict/sft,pabitra,benchmark_sft_qd_collect27_20260706_r1,exact_cache_match,736,760,728,723,652,728,0.8541666666666666,0.8370672097759674,1.0,1.0,0.9017980636237898,0.9017980636237898,0.1629327902240326,0.0,0.1936813186813187,0.0,0.7723684210526316,0.8578947368421053,0.7723684210526316,0.8578947368421053,982,822,982,160,0,/Users/shubhammishra/Desktop/rag_reason-CATS_interactive/CATS_v2/outputs/benchmark_local_committee_3judge/benchmark_set_all_modes/qwen32b/oracle_both/strict/sft/final/detailed_results.json,/Users/shubhammishra/Desktop/rag_reason-CATS_interactive/CATS_v2/inputs/prepped_model_eval_inputs/benchmark_set_all_modes/qwen32b/oracle_both/strict/sft/input.jsonl,/scratch/pabitra/rag-reason/cats_outputs/benchmark_local_committee_3judge/benchmark_sft_qd_collect27_20260706_r1/qwen32b/oracle_both/strict/sft/final/detailed_results.json,a7b9c7ec3adb8dbb5815f1622387eb0531c8475e587b14ec7dd5cc6c3d34c990,/scratch/pabitra/rag-reason/cats_outputs/benchmark_local_committee_3judge/benchmark_sft_qd_collect27_20260706_r1/qwen32b/oracle_both/strict/sft/response_cache
benchmark_set_all_modes/qwen32b/oracle_conflict/minimal/baseline,kudhru,benchmark_baseline_48_20260705_r2,exact_cache_match,736,1352,137,1133,108,135,0.7749391727493917,0.783068783068783,0.9854014598540146,0.9894179894179894,0.09532215357458076,0.09532215357458076,0.20634920634920634,0.010582010582010581,0.22627737226277372,0.014598540145985401,0.07692307692307693,0.07988165680473373,0.07692307692307693,0.07988165680473373,189,148,187,39,2,/Users/shubhammishra/Desktop/rag_reason-CATS_interactive/CATS_v2/outputs/benchmark_local_committee_3judge/benchmark_set_all_modes/qwen32b/oracle_conflict/minimal/baseline/final/detailed_results.json,/Users/shubhammishra/Desktop/rag_reason-CATS_interactive/CATS_v2/inputs/prepped_model_eval_inputs/benchmark_set_all_modes/qwen32b/oracle_conflict/minimal/baseline/input.jsonl,/scratch/kudhru/rag-reason/cats_outputs/benchmark_local_committee_3judge/benchmark_baseline_48_20260705_r2/qwen32b/oracle_conflict/minimal/baseline/final/detailed_results.json,10c5613397029b5af6d8f78fb09a64ddb6ee5ef14bbc5d18353e32435bf26e64,/scratch/kudhru/rag-reason/cats_outputs/benchmark_local_committee_3judge/benchmark_baseline_48_20260705_r2/qwen32b/oracle_conflict/minimal/baseline/response_cache
benchmark_set_all_modes/qwen32b/oracle_conflict/minimal/sft,pabitra,benchmark_sft_qd_collect27_20260706_r1,exact_cache_match,736,1022,4,939,4,4,0.8333333333333333,0.8333333333333334,1.0,1.0,0.004259850905218318,0.004259850905218318,0.16666666666666666,0.0,0.5,0.0,0.0019569471624266144,0.003913894324853229,0.0019569471624266144,0.003913894324853229,12,10,12,2,0,/Users/shubhammishra/Desktop/rag_reason-CATS_interactive/CATS_v2/outputs/benchmark_local_committee_3judge/benchmark_set_all_modes/qwen32b/oracle_conflict/minimal/sft/final/detailed_results.json,/Users/shubhammishra/Desktop/rag_reason-CATS_interactive/CATS_v2/inputs/prepped_model_eval_inputs/benchmark_set_all_modes/qwen32b/oracle_conflict/minimal/sft/input.jsonl,/scratch/pabitra/rag-reason/cats_outputs/benchmark_local_committee_3judge/benchmark_sft_qd_collect27_20260706_r1/qwen32b/oracle_conflict/minimal/sft/final/detailed_results.json,4ccbeef3d4f86f0c0caf5956fdab6db084ae259f1d5a369eb1a7b8c96de90e10,/scratch/pabitra/rag-reason/cats_outputs/benchmark_local_committee_3judge/benchmark_sft_qd_collect27_20260706_r1/qwen32b/oracle_conflict/minimal/sft/response_cache
benchmark_set_all_modes/qwen32b/oracle_conflict/runtime/baseline,kudhru,benchmark_baseline_48_20260705_r2,exact_cache_match,736,1393,199,1253,186,199,0.7662479061976549,0.7244525547445255,0.998324958123953,0.9981751824817519,0.1484437350359138,0.1484437350359138,0.2737226277372263,0.0018248175182481751,0.4120603015075377,0.005025125628140704,0.08399138549892318,0.13280689160086145,0.08399138549892318,0.13280689160086145,548,397,547,150,1,/Users/shubhammishra/Desktop/rag_reason-CATS_interactive/CATS_v2/outputs/benchmark_local_committee_3judge/benchmark_set_all_modes/qwen32b/oracle_conflict/runtime/baseline/final/detailed_results.json,/Users/shubhammishra/Desktop/rag_reason-CATS_interactive/CATS_v2/inputs/prepped_model_eval_inputs/benchmark_set_all_modes/qwen32b/oracle_conflict/runtime/baseline/input.jsonl,/scratch/kudhru/rag-reason/cats_outputs/benchmark_local_committee_3judge/benchmark_baseline_48_20260705_r2/qwen32b/oracle_conflict/runtime/baseline/final/detailed_results.json,e3cca252d35ac53fc1b39a3d44d2360f0906f9564ebbefd825c1037ad49a8a4d,/scratch/kudhru/rag-reason/cats_outputs/benchmark_local_committee_3judge/benchmark_baseline_48_20260705_r2/qwen32b/oracle_conflict/runtime/baseline/response_cache
benchmark_set_all_modes/qwen32b/oracle_conflict/runtime/sft,pabitra,benchmark_sft_missing8_qd_collect_20260708_r1,exact_cache_match,736,1033,6,952,4,6,0.5833333333333334,0.6666666666666666,1.0,1.0,0.004201680672268907,0.004201680672268907,0.3333333333333333,0.0,0.5,0.0,0.002904162633107454,0.003872216844143272,0.002904162633107454,0.003872216844143272,12,8,12,4,0,/Users/shubhammishra/Desktop/rag_reason-CATS_interactive/CATS_v2/outputs/benchmark_local_committee_3judge/benchmark_set_all_modes/qwen32b/oracle_conflict/runtime/sft/final/detailed_results.json,/Users/shubhammishra/Desktop/rag_reason-CATS_interactive/CATS_v2/inputs/prepped_model_eval_inputs/benchmark_set_all_modes/qwen32b/oracle_conflict/runtime/sft/input.jsonl,/scratch/pabitra/rag-reason/cats_outputs/benchmark_local_committee_3judge/benchmark_sft_missing8_qd_collect_20260708_r1/qwen32b/oracle_conflict/runtime/sft/final/detailed_results.json,ffcecba133c07348525ebfcd86b349a9f319018fdda205cee12d5308fb67921a,/scratch/pabitra/rag-reason/cats_outputs/benchmark_local_committee_3judge/benchmark_sft_missing8_qd_collect_20260708_r1/qwen32b/oracle_conflict/runtime/sft/response_cache
benchmark_set_all_modes/qwen32b/oracle_conflict/strict/baseline,kudhru,benchmark_baseline_48_20260705_r2,exact_cache_match,736,1811,1518,1672,1390,1514,0.8441809398331137,0.8110091743119267,0.9955533596837944,0.9959633027522936,0.8313397129186603,0.8313397129186603,0.18495412844036696,0.004036697247706422,0.2318840579710145,0.007246376811594203,0.6399779127553837,0.7658752070679182,0.6399779127553837,0.7658752070679182,2725,2210,2714,504,11,/Users/shubhammishra/Desktop/rag_reason-CATS_interactive/CATS_v2/outputs/benchmark_local_committee_3judge/benchmark_set_all_modes/qwen32b/oracle_conflict/strict/baseline/final/detailed_results.json,/Users/shubhammishra/Desktop/rag_reason-CATS_interactive/CATS_v2/inputs/prepped_model_eval_inputs/benchmark_set_all_modes/qwen32b/oracle_conflict/strict/baseline/input.jsonl,/scratch/kudhru/rag-reason/cats_outputs/benchmark_local_committee_3judge/benchmark_baseline_48_20260705_r2/qwen32b/oracle_conflict/strict/baseline/final/detailed_results.json,584e422678cb136046f5a856c1bc0ad469ff8602ac9a22877f842107ec174530,/scratch/kudhru/rag-reason/cats_outputs/benchmark_local_committee_3judge/benchmark_baseline_48_20260705_r2/qwen32b/oracle_conflict/strict/baseline/response_cache
benchmark_set_all_modes/qwen32b/oracle_conflict/strict/sft,pabitra,benchmark_sft_qd_collect27_20260706_r1,exact_cache_match,736,1021,2,932,2,2,0.75,0.75,1.0,1.0,0.002145922746781116,0.002145922746781116,0.25,0.0,0.5,0.0,0.0009794319294809011,0.0019588638589618022,0.0009794319294809011,0.0019588638589618022,4,3,4,1,0,/Users/shubhammishra/Desktop/rag_reason-CATS_interactive/CATS_v2/outputs/benchmark_local_committee_3judge/benchmark_set_all_modes/qwen32b/oracle_conflict/strict/sft/final/detailed_results.json,/Users/shubhammishra/Desktop/rag_reason-CATS_interactive/CATS_v2/inputs/prepped_model_eval_inputs/benchmark_set_all_modes/qwen32b/oracle_conflict/strict/sft/input.jsonl,/scratch/pabitra/rag-reason/cats_outputs/benchmark_local_committee_3judge/benchmark_sft_qd_collect27_20260706_r1/qwen32b/oracle_conflict/strict/sft/final/detailed_results.json,3a4900732ec9a197c1fe77a44a775b86bdfe04ffc86b685603686fd759f94fd8,/scratch/pabitra/rag-reason/cats_outputs/benchmark_local_committee_3judge/benchmark_sft_qd_collect27_20260706_r1/qwen32b/oracle_conflict/strict/sft/response_cache
benchmark_set_all_modes/qwen32b/oracle_notes/minimal/baseline,kudhru,benchmark_baseline_48_20260705_r2,exact_cache_match,736,1284,230,1121,212,228,0.874927536231884,0.8221024258760108,0.986231884057971,0.9865229110512129,0.18911685994647637,0.18911685994647637,0.16442048517520216,0.013477088948787063,0.16956521739130434,0.017391304347826087,0.14641744548286603,0.16433021806853582,0.14641744548286603,0.16433021806853582,371,305,366,61,5,/Users/shubhammishra/Desktop/rag_reason-CATS_interactive/CATS_v2/outputs/benchmark_local_committee_3judge/benchmark_set_all_modes/qwen32b/oracle_notes/minimal/baseline/final/detailed_results.json,/Users/shubhammishra/Desktop/rag_reason-CATS_interactive/CATS_v2/inputs/prepped_model_eval_inputs/benchmark_set_all_modes/qwen32b/oracle_notes/minimal/baseline/input.jsonl,/scratch/kudhru/rag-reason/cats_outputs/benchmark_local_committee_3judge/benchmark_baseline_48_20260705_r2/qwen32b/oracle_notes/minimal/baseline/final/detailed_results.json,42b15eb63630568a9e2487ef1c2d4b0d45d0250540b06c4e655acb02b6051597,/scratch/kudhru/rag-reason/cats_outputs/benchmark_local_committee_3judge/benchmark_baseline_48_20260705_r2/qwen32b/oracle_notes/minimal/baseline/response_cache
benchmark_set_all_modes/qwen32b/oracle_notes/minimal/sft,pabitra,benchmark_sft_qd_collect27_20260706_r1,exact_cache_match,736,785,767,759,697,767,0.8641025641025641,0.8398474737845567,0.9997392438070404,0.9990467111534795,0.9183135704874835,0.9183135704874835,0.15919923736892277,0.0009532888465204957,0.1877444589308996,0.001303780964797914,0.7923566878980892,0.8866242038216561,0.7923566878980892,0.8866242038216561,1049,881,1048,167,1,/Users/shubhammishra/Desktop/rag_reason-CATS_interactive/CATS_v2/outputs/benchmark_local_committee_3judge/benchmark_set_all_modes/qwen32b/oracle_notes/minimal/sft/final/detailed_results.json,/Users/shubhammishra/Desktop/rag_reason-CATS_interactive/CATS_v2/inputs/prepped_model_eval_inputs/benchmark_set_all_modes/qwen32b/oracle_notes/minimal/sft/input.jsonl,/scratch/pabitra/rag-reason/cats_outputs/benchmark_local_committee_3judge/benchmark_sft_qd_collect27_20260706_r1/qwen32b/oracle_notes/minimal/sft/final/detailed_results.json,eec6dc48e8c50974d57f4327edd2d627b5fa89738291221304fd31c29c52d7d8,/scratch/pabitra/rag-reason/cats_outputs/benchmark_local_committee_3judge/benchmark_sft_qd_collect27_20260706_r1/qwen32b/oracle_notes/minimal/sft/response_cache
benchmark_set_all_modes/qwen32b/oracle_notes/runtime/baseline,kudhru,benchmark_baseline_48_20260705_r2,exact_cache_match,736,1386,1038,1308,995,1038,0.8722382787411689,0.8157894736842105,1.0,1.0,0.7607033639143731,0.7607033639143731,0.18421052631578946,0.0,0.22350674373795762,0.0,0.5815295815295816,0.7178932178932179,0.5815295815295816,0.7178932178932179,2204,1798,2204,406,0,/Users/shubhammishra/Desktop/rag_reason-CATS_interactive/CATS_v2/outputs/benchmark_local_committee_3judge/benchmark_set_all_modes/qwen32b/oracle_notes/runtime/baseline/final/detailed_results.json,/Users/shubhammishra/Desktop/rag_reason-CATS_interactive/CATS_v2/inputs/prepped_model_eval_inputs/benchmark_set_all_modes/qwen32b/oracle_notes/runtime/baseline/input.jsonl,/scratch/kudhru/rag-reason/cats_outputs/benchmark_local_committee_3judge/benchmark_baseline_48_20260705_r2/qwen32b/oracle_notes/runtime/baseline/final/detailed_results.json,f4dff18e0fe25fb56914f28d988a89218a4d83999226f5cbc74b638dd916f02d,/scratch/kudhru/rag-reason/cats_outputs/benchmark_local_committee_3judge/benchmark_baseline_48_20260705_r2/qwen32b/oracle_notes/runtime/baseline/response_cache
benchmark_set_all_modes/qwen32b/oracle_notes/runtime/sft,kudhru,benchmark_sft_rescheduled_from_pabitra_10_20260706,exact_cache_match,736,762,743,737,677,741,0.8682144459398834,0.8480885311871227,0.9973082099596231,0.9979879275653923,0.9185888738127544,0.9185888738127544,0.14989939637826963,0.002012072434607646,0.180349932705249,0.0026917900403768506,0.7965879265091863,0.8884514435695539,0.7965879265091863,0.8884514435695539,994,843,992,149,2,/Users/shubhammishra/Desktop/rag_reason-CATS_interactive/CATS_v2/outputs/benchmark_local_committee_3judge/benchmark_set_all_modes/qwen32b/oracle_notes/runtime/sft/final/detailed_results.json,/Users/shubhammishra/Desktop/rag_reason-CATS_interactive/CATS_v2/inputs/prepped_model_eval_inputs/benchmark_set_all_modes/qwen32b/oracle_notes/runtime/sft/input.jsonl,/scratch/kudhru/rag-reason/cats_outputs/benchmark_local_committee_3judge/benchmark_sft_rescheduled_from_pabitra_10_20260706/qwen32b/oracle_notes/runtime/sft/final/detailed_results.json,57b3f4726e4de4b951b001a9a833764c2bb11d027e433cabc86a97d1cc5646a1,/scratch/kudhru/rag-reason/cats_outputs/benchmark_local_committee_3judge/benchmark_sft_rescheduled_from_pabitra_10_20260706/qwen32b/oracle_notes/runtime/sft/response_cache
benchmark_set_all_modes/qwen32b/oracle_notes/strict/baseline,kudhru,benchmark_baseline_48_20260705_r2,exact_cache_match,736,1840,58,1736,49,58,0.7227011494252874,0.6339869281045751,1.0,1.0,0.028225806451612902,0.028225806451612902,0.3660130718954248,0.0,0.3793103448275862,0.0,0.01956521739130435,0.026630434782608695,0.01956521739130435,0.026630434782608695,153,97,153,56,0,/Users/shubhammishra/Desktop/rag_reason-CATS_interactive/CATS_v2/outputs/benchmark_local_committee_3judge/benchmark_set_all_modes/qwen32b/oracle_notes/strict/baseline/final/detailed_results.json,/Users/shubhammishra/Desktop/rag_reason-CATS_interactive/CATS_v2/inputs/prepped_model_eval_inputs/benchmark_set_all_modes/qwen32b/oracle_notes/strict/baseline/input.jsonl,/scratch/kudhru/rag-reason/cats_outputs/benchmark_local_committee_3judge/benchmark_baseline_48_20260705_r2/qwen32b/oracle_notes/strict/baseline/final/detailed_results.json,8aec56d8ea64e345677fad197f5d0276fb98216c7433a6f14367476ca61ad892,/scratch/kudhru/rag-reason/cats_outputs/benchmark_local_committee_3judge/benchmark_baseline_48_20260705_r2/qwen32b/oracle_notes/strict/baseline/response_cache
benchmark_set_all_modes/qwen32b/oracle_notes/strict/sft,kudhru,benchmark_sft_rescheduled_from_pabitra_10_20260706,exact_cache_match,736,761,734,730,659,734,0.8548138056312443,0.8304033092037229,1.0,1.0,0.9027397260273973,0.9027397260273973,0.16959669079627715,0.0,0.19346049046321526,0.0,0.7779237844940867,0.8659658344283837,0.7779237844940867,0.8659658344283837,967,803,967,164,0,/Users/shubhammishra/Desktop/rag_reason-CATS_interactive/CATS_v2/outputs/benchmark_local_committee_3judge/benchmark_set_all_modes/qwen32b/oracle_notes/strict/sft/final/detailed_results.json,/Users/shubhammishra/Desktop/rag_reason-CATS_interactive/CATS_v2/inputs/prepped_model_eval_inputs/benchmark_set_all_modes/qwen32b/oracle_notes/strict/sft/input.jsonl,/scratch/kudhru/rag-reason/cats_outputs/benchmark_local_committee_3judge/benchmark_sft_rescheduled_from_pabitra_10_20260706/qwen32b/oracle_notes/strict/sft/final/detailed_results.json,d8995bc9724fe2300b88c5ca69a1d95c2313b6da04ca76d393affaf271c45cf5,/scratch/kudhru/rag-reason/cats_outputs/benchmark_local_committee_3judge/benchmark_sft_rescheduled_from_pabitra_10_20260706/qwen32b/oracle_notes/strict/sft/response_cache
benchmark_set_all_modes/qwen7b/e2e/minimal/baseline,kudhru,benchmark_baseline_48_20260705_r2,exact_cache_match,736,1522,58,1383,50,57,0.8275862068965517,0.8125,0.9827586206896551,0.984375,0.036153289949385395,0.036153289949385395,0.171875,0.015625,0.1896551724137931,0.017241379310344827,0.030223390275952694,0.0328515111695138,0.030223390275952694,0.0328515111695138,64,52,63,11,1,/Users/shubhammishra/Desktop/rag_reason-CATS_interactive/CATS_v2/outputs/benchmark_local_committee_3judge/benchmark_set_all_modes/qwen7b/e2e/minimal/baseline/final/detailed_results.json,/Users/shubhammishra/Desktop/rag_reason-CATS_interactive/CATS_v2/inputs/prepped_model_eval_inputs/benchmark_set_all_modes/qwen7b/e2e/minimal/baseline/input.jsonl,/scratch/kudhru/rag-reason/cats_outputs/benchmark_local_committee_3judge/benchmark_baseline_48_20260705_r2/qwen7b/e2e/minimal/baseline/final/detailed_results.json,16cd36a80de0ce650e7a57d00b9c168652733096465bc45756e30195caf01cf6,/scratch/kudhru/rag-reason/cats_outputs/benchmark_local_committee_3judge/benchmark_baseline_48_20260705_r2/qwen7b/e2e/minimal/baseline/response_cache
benchmark_set_all_modes/qwen7b/e2e/minimal/sft,pabitra,pilot_qwen7b_e2e_minimal_sft_20260704_r4_behavior_pair_override_preview,final_result_only_missing_exact_cache,736,954,922,896,811,918,0.7942154736080983,0.7654770575382375,0.9920462762111352,0.9912600145666424,0.9051339285714286,0.9051339285714286,0.22578295702840495,0.00873998543335761,0.28633405639913234,0.01193058568329718,0.6813417190775681,0.8438155136268344,0.6813417190775681,0.8438155136268344,1373,1051,1361,310,12,/Users/shubhammishra/Desktop/rag_reason-CATS_interactive/CATS_v2/outputs/benchmark_local_committee_3judge/benchmark_set_all_modes/qwen7b/e2e/minimal/sft/final/detailed_results.json,/Users/shubhammishra/Desktop/rag_reason-CATS_interactive/CATS_v2/inputs/prepped_model_eval_inputs/benchmark_set_all_modes/qwen7b/e2e/minimal/sft/input.jsonl,/scratch/pabitra/rag-reason/cats_outputs/benchmark_local_committee_3judge/pilot_qwen7b_e2e_minimal_sft_20260704_r4_behavior_pair_override_preview/qwen7b/e2e/minimal/sft/final/detailed_results.json,0a82351d997c1844cd4549e9e0fe1a7cb8dfdb52932fd503cc802569c2569306,/scratch/pabitra/rag-reason/cats_outputs/benchmark_local_committee_3judge/pilot_qwen7b_e2e_minimal_sft_20260704_r4_behavior_pair_override_preview/qwen7b/e2e/minimal/sft/response_cache
benchmark_set_all_modes/qwen7b/e2e/runtime/baseline,kudhru,benchmark_baseline_48_20260705_r2,exact_cache_match,736,1139,641,1004,582,639,0.7161206448257931,0.6911519198664441,0.9944877795111804,0.9961046188091264,0.5796812749003984,0.5796812749003984,0.30495269894268223,0.0038953811908736783,0.5039001560062403,0.0093603744149766,0.27480245829675154,0.5074626865671642,0.27480245829675154,0.5074626865671642,1797,1242,1790,548,7,/Users/shubhammishra/Desktop/rag_reason-CATS_interactive/CATS_v2/outputs/benchmark_local_committee_3judge/benchmark_set_all_modes/qwen7b/e2e/runtime/baseline/final/detailed_results.json,/Users/shubhammishra/Desktop/rag_reason-CATS_interactive/CATS_v2/inputs/prepped_model_eval_inputs/benchmark_set_all_modes/qwen7b/e2e/runtime/baseline/input.jsonl,/scratch/kudhru/rag-reason/cats_outputs/benchmark_local_committee_3judge/benchmark_baseline_48_20260705_r2/qwen7b/e2e/runtime/baseline/final/detailed_results.json,eddeacb5b1539f493c885835acb22866987b8340a3a5650250869f05a2e1677d,/scratch/kudhru/rag-reason/cats_outputs/benchmark_local_committee_3judge/benchmark_baseline_48_20260705_r2/qwen7b/e2e/runtime/baseline/response_cache
benchmark_set_all_modes/qwen7b/e2e/runtime/sft,kudhru,benchmark_sft_rescheduled_from_pabitra_10_20260706,exact_cache_match,736,945,918,884,801,914,0.7782135076252723,0.7461594732991953,0.9935548293391431,0.9934162399414777,0.9061085972850679,0.9061085972850679,0.24725676664228238,0.006583760058522311,0.31263616557734203,0.00980392156862745,0.6603174603174603,0.8423280423280424,0.6603174603174603,0.8423280423280424,1367,1020,1358,338,9,/Users/shubhammishra/Desktop/rag_reason-CATS_interactive/CATS_v2/outputs/benchmark_local_committee_3judge/benchmark_set_all_modes/qwen7b/e2e/runtime/sft/final/detailed_results.json,/Users/shubhammishra/Desktop/rag_reason-CATS_interactive/CATS_v2/inputs/prepped_model_eval_inputs/benchmark_set_all_modes/qwen7b/e2e/runtime/sft/input.jsonl,/scratch/kudhru/rag-reason/cats_outputs/benchmark_local_committee_3judge/benchmark_sft_rescheduled_from_pabitra_10_20260706/qwen7b/e2e/runtime/sft/final/detailed_results.json,87d7f1ec4d35fba69b62ebf089e720bef153f5e0972f1bdae01e2b5c72a18f68,/scratch/kudhru/rag-reason/cats_outputs/benchmark_local_committee_3judge/benchmark_sft_rescheduled_from_pabitra_10_20260706/qwen7b/e2e/runtime/sft/response_cache
benchmark_set_all_modes/qwen7b/e2e/strict/baseline,kudhru,benchmark_baseline_48_20260705_r2,exact_cache_match,736,849,552,664,516,552,0.8169384057971014,0.7940947940947941,0.9984903381642513,0.9976689976689976,0.7771084337349398,0.7771084337349398,0.20357420357420358,0.002331002331002331,0.32971014492753625,0.005434782608695652,0.43227326266195526,0.6042402826855123,0.43227326266195526,0.6042402826855123,1287,1022,1284,262,3,/Users/shubhammishra/Desktop/rag_reason-CATS_interactive/CATS_v2/outputs/benchmark_local_committee_3judge/benchmark_set_all_modes/qwen7b/e2e/strict/baseline/final/detailed_results.json,/Users/shubhammishra/Desktop/rag_reason-CATS_interactive/CATS_v2/inputs/prepped_model_eval_inputs/benchmark_set_all_modes/qwen7b/e2e/strict/baseline/input.jsonl,/scratch/kudhru/rag-reason/cats_outputs/benchmark_local_committee_3judge/benchmark_baseline_48_20260705_r2/qwen7b/e2e/strict/baseline/final/detailed_results.json,eebcf985e88a318b18f506ce25685c140c3835208e1229c2eb3f0b160d82f66f,/scratch/kudhru/rag-reason/cats_outputs/benchmark_local_committee_3judge/benchmark_baseline_48_20260705_r2/qwen7b/e2e/strict/baseline/response_cache
benchmark_set_all_modes/qwen7b/e2e/strict/sft,kudhru,benchmark_sft_rescheduled_from_pabitra_10_20260706,exact_cache_match,736,940,907,887,798,904,0.7896545387725101,0.7551470588235294,0.994119808893789,0.9941176470588236,0.8996617812852311,0.8996617812852311,0.23897058823529413,0.0058823529411764705,0.29437706725468576,0.008820286659316428,0.674468085106383,0.8446808510638298,0.674468085106383,0.8446808510638298,1360,1027,1352,325,8,/Users/shubhammishra/Desktop/rag_reason-CATS_interactive/CATS_v2/outputs/benchmark_local_committee_3judge/benchmark_set_all_modes/qwen7b/e2e/strict/sft/final/detailed_results.json,/Users/shubhammishra/Desktop/rag_reason-CATS_interactive/CATS_v2/inputs/prepped_model_eval_inputs/benchmark_set_all_modes/qwen7b/e2e/strict/sft/input.jsonl,/scratch/kudhru/rag-reason/cats_outputs/benchmark_local_committee_3judge/benchmark_sft_rescheduled_from_pabitra_10_20260706/qwen7b/e2e/strict/sft/final/detailed_results.json,33ec9f0e8bd2bee8bbcefe0e1d7a8e05a3e3c14b045e8308dd7fc12b34e4dd71,/scratch/kudhru/rag-reason/cats_outputs/benchmark_local_committee_3judge/benchmark_sft_rescheduled_from_pabitra_10_20260706/qwen7b/e2e/strict/sft/response_cache
benchmark_set_all_modes/qwen7b/oracle_both/minimal/baseline,kudhru,benchmark_baseline_48_20260705_r2,exact_cache_match,736,1452,212,1248,189,208,0.8386006289308177,0.7906976744186046,0.9787735849056604,0.9825581395348837,0.15144230769230768,0.15144230769230768,0.19186046511627908,0.01744186046511628,0.2028301886792453,0.02358490566037736,0.11294765840220386,0.12947658402203857,0.11294765840220386,0.12947658402203857,344,272,338,66,6,/Users/shubhammishra/Desktop/rag_reason-CATS_interactive/CATS_v2/outputs/benchmark_local_committee_3judge/benchmark_set_all_modes/qwen7b/oracle_both/minimal/baseline/final/detailed_results.json,/Users/shubhammishra/Desktop/rag_reason-CATS_interactive/CATS_v2/inputs/prepped_model_eval_inputs/benchmark_set_all_modes/qwen7b/oracle_both/minimal/baseline/input.jsonl,/scratch/kudhru/rag-reason/cats_outputs/benchmark_local_committee_3judge/benchmark_baseline_48_20260705_r2/qwen7b/oracle_both/minimal/baseline/final/detailed_results.json,4f199441d2654449becbe5a3515273666935f53dc87d28da3205db3889542287,/scratch/kudhru/rag-reason/cats_outputs/benchmark_local_committee_3judge/benchmark_baseline_48_20260705_r2/qwen7b/oracle_both/minimal/baseline/response_cache
benchmark_set_all_modes/qwen7b/oracle_both/minimal/sft,kudhru,benchmark_sft_rescheduled_from_pabitra_10_20260706,exact_cache_match,736,1163,1152,1113,1044,1152,0.8110677083333333,0.7728723404255319,0.9976128472222222,0.9957446808510638,0.9380053908355795,0.9380053908355795,0.22287234042553192,0.00425531914893617,0.2847222222222222,0.004340277777777778,0.705932932072227,0.8950988822012038,0.705932932072227,0.8950988822012038,1880,1453,1872,419,8,/Users/shubhammishra/Desktop/rag_reason-CATS_interactive/CATS_v2/outputs/benchmark_local_committee_3judge/benchmark_set_all_modes/qwen7b/oracle_both/minimal/sft/final/detailed_results.json,/Users/shubhammishra/Desktop/rag_reason-CATS_interactive/CATS_v2/inputs/prepped_model_eval_inputs/benchmark_set_all_modes/qwen7b/oracle_both/minimal/sft/input.jsonl,/scratch/kudhru/rag-reason/cats_outputs/benchmark_local_committee_3judge/benchmark_sft_rescheduled_from_pabitra_10_20260706/qwen7b/oracle_both/minimal/sft/final/detailed_results.json,e66624322c2f92eacf5b6c3b6663e42f75853320f200bf97e9d60a69cb0f2146,/scratch/kudhru/rag-reason/cats_outputs/benchmark_local_committee_3judge/benchmark_sft_rescheduled_from_pabitra_10_20260706/qwen7b/oracle_both/minimal/sft/response_cache
benchmark_set_all_modes/qwen7b/oracle_both/runtime/baseline,kudhru,benchmark_baseline_48_20260705_r2,exact_cache_match,736,1028,126,784,122,126,0.9141534391534392,0.9045801526717557,0.9973544973544973,0.9961832061068703,0.1556122448979592,0.1556122448979592,0.0916030534351145,0.003816793893129771,0.16666666666666666,0.007936507936507936,0.10116731517509728,0.11770428015564202,0.10116731517509728,0.11770428015564202,262,237,261,24,1,/Users/shubhammishra/Desktop/rag_reason-CATS_interactive/CATS_v2/outputs/benchmark_local_committee_3judge/benchmark_set_all_modes/qwen7b/oracle_both/runtime/baseline/final/detailed_results.json,/Users/shubhammishra/Desktop/rag_reason-CATS_interactive/CATS_v2/inputs/prepped_model_eval_inputs/benchmark_set_all_modes/qwen7b/oracle_both/runtime/baseline/input.jsonl,/scratch/kudhru/rag-reason/cats_outputs/benchmark_local_committee_3judge/benchmark_baseline_48_20260705_r2/qwen7b/oracle_both/runtime/baseline/final/detailed_results.json,e10263e6323b7fa549d7f4f334bd3ca8bb514d2857c45388b6cd5dfc3da5a4ae,/scratch/kudhru/rag-reason/cats_outputs/benchmark_local_committee_3judge/benchmark_baseline_48_20260705_r2/qwen7b/oracle_both/runtime/baseline/response_cache
benchmark_set_all_modes/qwen7b/oracle_both/runtime/sft,kudhru,benchmark_sft_rescheduled_from_pabitra_10_20260706,exact_cache_match,736,1134,1117,1083,1033,1114,0.8390778871978514,0.8082114735658043,0.9968666069829901,0.9971878515185602,0.9538319482917821,0.9538319482917821,0.1889763779527559,0.00281214848143982,0.24977618621307074,0.0035810205908683975,0.7354497354497355,0.91005291005291,0.7354497354497355,0.91005291005291,1778,1437,1773,336,5,/Users/shubhammishra/Desktop/rag_reason-CATS_interactive/CATS_v2/outputs/benchmark_local_committee_3judge/benchmark_set_all_modes/qwen7b/oracle_both/runtime/sft/final/detailed_results.json,/Users/shubhammishra/Desktop/rag_reason-CATS_interactive/CATS_v2/inputs/prepped_model_eval_inputs/benchmark_set_all_modes/qwen7b/oracle_both/runtime/sft/input.jsonl,/scratch/kudhru/rag-reason/cats_outputs/benchmark_local_committee_3judge/benchmark_sft_rescheduled_from_pabitra_10_20260706/qwen7b/oracle_both/runtime/sft/final/detailed_results.json,aeaf10e8189f87f0092eaf6633f0a1576fd5f26cff24c5f3a8dc031dabb63ad8,/scratch/kudhru/rag-reason/cats_outputs/benchmark_local_committee_3judge/benchmark_sft_rescheduled_from_pabitra_10_20260706/qwen7b/oracle_both/runtime/sft/response_cache
benchmark_set_all_modes/qwen7b/oracle_both/strict/baseline,kudhru,benchmark_baseline_48_20260705_r2,exact_cache_match,736,948,523,703,480,521,0.7982313575525812,0.7625845229151015,0.995697896749522,0.9969947407963937,0.6827880512091038,0.6827880512091038,0.23441021788129227,0.003005259203606311,0.3326959847036329,0.0057361376673040155,0.3649789029535865,0.5052742616033755,0.3649789029535865,0.5052742616033755,1331,1015,1327,312,4,/Users/shubhammishra/Desktop/rag_reason-CATS_interactive/CATS_v2/outputs/benchmark_local_committee_3judge/benchmark_set_all_modes/qwen7b/oracle_both/strict/baseline/final/detailed_results.json,/Users/shubhammishra/Desktop/rag_reason-CATS_interactive/CATS_v2/inputs/prepped_model_eval_inputs/benchmark_set_all_modes/qwen7b/oracle_both/strict/baseline/input.jsonl,/scratch/kudhru/rag-reason/cats_outputs/benchmark_local_committee_3judge/benchmark_baseline_48_20260705_r2/qwen7b/oracle_both/strict/baseline/final/detailed_results.json,cd6e7ce640291381df45bed20b84b9117ac941e2e335a582fa6a44aea51cfe33,/scratch/kudhru/rag-reason/cats_outputs/benchmark_local_committee_3judge/benchmark_baseline_48_20260705_r2/qwen7b/oracle_both/strict/baseline/response_cache
benchmark_set_all_modes/qwen7b/oracle_both/strict/sft,kudhru,benchmark_sft_rescheduled_from_pabitra_10_20260706,exact_cache_match,736,1064,1050,1003,941,1050,0.8075079365079365,0.7785402370555209,0.9995238095238095,0.9993761696818465,0.938185443668993,0.938185443668993,0.22083593262632564,0.0006238303181534623,0.28095238095238095,0.0009523809523809524,0.7086466165413534,0.8834586466165414,0.7086466165413534,0.8834586466165414,1603,1248,1602,354,1,/Users/shubhammishra/Desktop/rag_reason-CATS_interactive/CATS_v2/outputs/benchmark_local_committee_3judge/benchmark_set_all_modes/qwen7b/oracle_both/strict/sft/final/detailed_results.json,/Users/shubhammishra/Desktop/rag_reason-CATS_interactive/CATS_v2/inputs/prepped_model_eval_inputs/benchmark_set_all_modes/qwen7b/oracle_both/strict/sft/input.jsonl,/scratch/kudhru/rag-reason/cats_outputs/benchmark_local_committee_3judge/benchmark_sft_rescheduled_from_pabitra_10_20260706/qwen7b/oracle_both/strict/sft/final/detailed_results.json,4975e8f8d3fff8f4b7e71d01aeaa1e8274c8db9f9d2b772bac461fc2efd40d37,/scratch/kudhru/rag-reason/cats_outputs/benchmark_local_committee_3judge/benchmark_sft_rescheduled_from_pabitra_10_20260706/qwen7b/oracle_both/strict/sft/response_cache
benchmark_set_all_modes/qwen7b/oracle_conflict/minimal/baseline,kudhru,benchmark_baseline_48_20260705_r2,exact_cache_match,736,1647,58,1355,47,58,0.7609195402298851,0.7123287671232876,1.0,1.0,0.03468634686346864,0.03468634686346864,0.2876712328767123,0.0,0.29310344827586204,0.0,0.024893746205221615,0.02853673345476624,0.024893746205221615,0.02853673345476624,73,52,73,21,0,/Users/shubhammishra/Desktop/rag_reason-CATS_interactive/CATS_v2/outputs/benchmark_local_committee_3judge/benchmark_set_all_modes/qwen7b/oracle_conflict/minimal/baseline/final/detailed_results.json,/Users/shubhammishra/Desktop/rag_reason-CATS_interactive/CATS_v2/inputs/prepped_model_eval_inputs/benchmark_set_all_modes/qwen7b/oracle_conflict/minimal/baseline/input.jsonl,/scratch/kudhru/rag-reason/cats_outputs/benchmark_local_committee_3judge/benchmark_baseline_48_20260705_r2/qwen7b/oracle_conflict/minimal/baseline/final/detailed_results.json,a72f05244c6c1ffa37cbc8564f8d9ded5afc0fdc29b37b85b92fdc9b450546de,/scratch/kudhru/rag-reason/cats_outputs/benchmark_local_committee_3judge/benchmark_baseline_48_20260705_r2/qwen7b/oracle_conflict/minimal/baseline/response_cache
benchmark_set_all_modes/qwen7b/oracle_conflict/minimal/sft,kudhru,benchmark_sft_rescheduled_from_pabitra_10_20260706,exact_cache_match,736,1022,996,966,887,993,0.7996007840887359,0.7654320987654321,0.9938539873780837,0.9902534113060428,0.9182194616977226,0.9182194616977226,0.22482131254061077,0.009746588693957114,0.286144578313253,0.009036144578313253,0.6888454011741683,0.8620352250489237,0.6888454011741683,0.8620352250489237,1539,1178,1524,346,15,/Users/shubhammishra/Desktop/rag_reason-CATS_interactive/CATS_v2/outputs/benchmark_local_committee_3judge/benchmark_set_all_modes/qwen7b/oracle_conflict/minimal/sft/final/detailed_results.json,/Users/shubhammishra/Desktop/rag_reason-CATS_interactive/CATS_v2/inputs/prepped_model_eval_inputs/benchmark_set_all_modes/qwen7b/oracle_conflict/minimal/sft/input.jsonl,/scratch/kudhru/rag-reason/cats_outputs/benchmark_local_committee_3judge/benchmark_sft_rescheduled_from_pabitra_10_20260706/qwen7b/oracle_conflict/minimal/sft/final/detailed_results.json,c6171e6781a0850c7c0b8e8e6541e006bbb0097248c9a5bd7ef4b387359669d1,/scratch/kudhru/rag-reason/cats_outputs/benchmark_local_committee_3judge/benchmark_sft_rescheduled_from_pabitra_10_20260706/qwen7b/oracle_conflict/minimal/sft/response_cache
benchmark_set_all_modes/qwen7b/oracle_conflict/runtime/baseline,kudhru,benchmark_baseline_48_20260705_r2,exact_cache_match,736,1057,293,796,269,291,0.7464732650739476,0.739240506329114,0.9911831626848692,0.9949367088607595,0.3379396984924623,0.3379396984924623,0.25569620253164554,0.005063291139240506,0.4778156996587031,0.013651877133105802,0.14096499526963102,0.25260170293282874,0.14096499526963102,0.25260170293282874,790,584,786,202,4,/Users/shubhammishra/Desktop/rag_reason-CATS_interactive/CATS_v2/outputs/benchmark_local_committee_3judge/benchmark_set_all_modes/qwen7b/oracle_conflict/runtime/baseline/final/detailed_results.json,/Users/shubhammishra/Desktop/rag_reason-CATS_interactive/CATS_v2/inputs/prepped_model_eval_inputs/benchmark_set_all_modes/qwen7b/oracle_conflict/runtime/baseline/input.jsonl,/scratch/kudhru/rag-reason/cats_outputs/benchmark_local_committee_3judge/benchmark_baseline_48_20260705_r2/qwen7b/oracle_conflict/runtime/baseline/final/detailed_results.json,fdaabb83dfb0264c80f62c763aec78a60a7f421db98ed89f4d304c9b4ab45a3f,/scratch/kudhru/rag-reason/cats_outputs/benchmark_local_committee_3judge/benchmark_baseline_48_20260705_r2/qwen7b/oracle_conflict/runtime/baseline/response_cache
benchmark_set_all_modes/qwen7b/oracle_conflict/runtime/sft,kudhru,benchmark_sft_rescheduled_from_pabitra_10_20260706,exact_cache_match,736,978,947,908,820,945,0.7802710313269975,0.7494751574527642,0.9934882083773319,0.9923023093072079,0.9030837004405287,0.9030837004405287,0.24282715185444367,0.007697690692792162,0.293558606124604,0.011615628299894404,0.6758691206543967,0.8312883435582822,0.6758691206543967,0.8312883435582822,1429,1071,1418,347,11,/Users/shubhammishra/Desktop/rag_reason-CATS_interactive/CATS_v2/outputs/benchmark_local_committee_3judge/benchmark_set_all_modes/qwen7b/oracle_conflict/runtime/sft/final/detailed_results.json,/Users/shubhammishra/Desktop/rag_reason-CATS_interactive/CATS_v2/inputs/prepped_model_eval_inputs/benchmark_set_all_modes/qwen7b/oracle_conflict/runtime/sft/input.jsonl,/scratch/kudhru/rag-reason/cats_outputs/benchmark_local_committee_3judge/benchmark_sft_rescheduled_from_pabitra_10_20260706/qwen7b/oracle_conflict/runtime/sft/final/detailed_results.json,4c13ecc904a1cf16cda2ee74048958362845689d49c2010adb0df1c47f284452,/scratch/kudhru/rag-reason/cats_outputs/benchmark_local_committee_3judge/benchmark_sft_rescheduled_from_pabitra_10_20260706/qwen7b/oracle_conflict/runtime/sft/response_cache
benchmark_set_all_modes/qwen7b/oracle_conflict/strict/baseline,kudhru,benchmark_baseline_48_20260705_r2,exact_cache_match,736,772,250,583,234,250,0.8482,0.8220183486238533,0.9986666666666667,0.998165137614679,0.4013722126929674,0.4013722126929674,0.1761467889908257,0.001834862385321101,0.256,0.004,0.23963730569948186,0.3018134715025907,0.23963730569948186,0.3018134715025907,545,448,544,96,1,/Users/shubhammishra/Desktop/rag_reason-CATS_interactive/CATS_v2/outputs/benchmark_local_committee_3judge/benchmark_set_all_modes/qwen7b/oracle_conflict/strict/baseline/final/detailed_results.json,/Users/shubhammishra/Desktop/rag_reason-CATS_interactive/CATS_v2/inputs/prepped_model_eval_inputs/benchmark_set_all_modes/qwen7b/oracle_conflict/strict/baseline/input.jsonl,/scratch/kudhru/rag-reason/cats_outputs/benchmark_local_committee_3judge/benchmark_baseline_48_20260705_r2/qwen7b/oracle_conflict/strict/baseline/final/detailed_results.json,d7b01b91150adb3c81e68fca87346868b84de16a1dd9698eb2925d460575140e,/scratch/kudhru/rag-reason/cats_outputs/benchmark_local_committee_3judge/benchmark_baseline_48_20260705_r2/qwen7b/oracle_conflict/strict/baseline/response_cache
benchmark_set_all_modes/qwen7b/oracle_conflict/strict/sft,kudhru,benchmark_sft_rescheduled_from_pabitra_10_20260706,exact_cache_match,736,975,940,908,823,938,0.7892375886524823,0.7609001406469761,0.9969858156028368,0.9964838255977496,0.9063876651982379,0.9063876651982379,0.23558368495077356,0.0035161744022503515,0.2978723404255319,0.00425531914893617,0.6728205128205128,0.8420512820512821,0.6728205128205128,0.8420512820512821,1422,1082,1417,335,5,/Users/shubhammishra/Desktop/rag_reason-CATS_interactive/CATS_v2/outputs/benchmark_local_committee_3judge/benchmark_set_all_modes/qwen7b/oracle_conflict/strict/sft/final/detailed_results.json,/Users/shubhammishra/Desktop/rag_reason-CATS_interactive/CATS_v2/inputs/prepped_model_eval_inputs/benchmark_set_all_modes/qwen7b/oracle_conflict/strict/sft/input.jsonl,/scratch/kudhru/rag-reason/cats_outputs/benchmark_local_committee_3judge/benchmark_sft_rescheduled_from_pabitra_10_20260706/qwen7b/oracle_conflict/strict/sft/final/detailed_results.json,233f297e1e86e84726be8bb478cbf0cc2e8e7b8baf301cb316a6d9751e74b904,/scratch/kudhru/rag-reason/cats_outputs/benchmark_local_committee_3judge/benchmark_sft_rescheduled_from_pabitra_10_20260706/qwen7b/oracle_conflict/strict/sft/response_cache
benchmark_set_all_modes/qwen7b/oracle_notes/minimal/baseline,kudhru,benchmark_baseline_48_20260705_r2,exact_cache_match,736,1520,163,1362,149,163,0.8537832310838446,0.8020833333333334,0.995398773006135,0.9895833333333334,0.10939794419970632,0.10939794419970632,0.1875,0.010416666666666666,0.2085889570552147,0.006134969325153374,0.08421052631578947,0.09736842105263158,0.08421052631578947,0.09736842105263158,288,231,285,54,3,/Users/shubhammishra/Desktop/rag_reason-CATS_interactive/CATS_v2/outputs/benchmark_local_committee_3judge/benchmark_set_all_modes/qwen7b/oracle_notes/minimal/baseline/final/detailed_results.json,/Users/shubhammishra/Desktop/rag_reason-CATS_interactive/CATS_v2/inputs/prepped_model_eval_inputs/benchmark_set_all_modes/qwen7b/oracle_notes/minimal/baseline/input.jsonl,/scratch/kudhru/rag-reason/cats_outputs/benchmark_local_committee_3judge/benchmark_baseline_48_20260705_r2/qwen7b/oracle_notes/minimal/baseline/final/detailed_results.json,fa6ecd70df474ee4a69a9a907402e17aa7b6d7ccd92d782b47871e93b917a56b,/scratch/kudhru/rag-reason/cats_outputs/benchmark_local_committee_3judge/benchmark_baseline_48_20260705_r2/qwen7b/oracle_notes/minimal/baseline/response_cache
benchmark_set_all_modes/qwen7b/oracle_notes/minimal/sft,pabitra,benchmark_sft_missing8_qd_collect_20260708_r1,exact_cache_match,736,1123,1108,1067,1004,1106,0.810664861612515,0.7787759685569905,0.9951865222623345,0.9943851768669287,0.9409559512652296,0.9409559512652296,0.21560920830993824,0.005614823133071308,0.286101083032491,0.008122743682310469,0.6999109528049866,0.8913624220837043,0.6999109528049866,0.8913624220837043,1781,1387,1771,384,10,/Users/shubhammishra/Desktop/rag_reason-CATS_interactive/CATS_v2/outputs/benchmark_local_committee_3judge/benchmark_set_all_modes/qwen7b/oracle_notes/minimal/sft/final/detailed_results.json,/Users/shubhammishra/Desktop/rag_reason-CATS_interactive/CATS_v2/inputs/prepped_model_eval_inputs/benchmark_set_all_modes/qwen7b/oracle_notes/minimal/sft/input.jsonl,/scratch/pabitra/rag-reason/cats_outputs/benchmark_local_committee_3judge/benchmark_sft_missing8_qd_collect_20260708_r1/qwen7b/oracle_notes/minimal/sft/final/detailed_results.json,123f9c46f533588d9222d698cf5dda5d4feec4ec7b9ba007400d74bcd6658d47,/scratch/pabitra/rag-reason/cats_outputs/benchmark_local_committee_3judge/benchmark_sft_missing8_qd_collect_20260708_r1/qwen7b/oracle_notes/minimal/sft/response_cache
benchmark_set_all_modes/qwen7b/oracle_notes/runtime/baseline,kudhru,benchmark_baseline_48_20260705_r2,exact_cache_match,736,992,206,857,202,206,0.929368932038835,0.9077669902912622,1.0,1.0,0.23570595099183198,0.23570595099183198,0.09223300970873786,0.0,0.15048543689320387,0.0,0.17641129032258066,0.20362903225806453,0.17641129032258066,0.20362903225806453,412,374,412,38,0,/Users/shubhammishra/Desktop/rag_reason-CATS_interactive/CATS_v2/outputs/benchmark_local_committee_3judge/benchmark_set_all_modes/qwen7b/oracle_notes/runtime/baseline/final/detailed_results.json,/Users/shubhammishra/Desktop/rag_reason-CATS_interactive/CATS_v2/inputs/prepped_model_eval_inputs/benchmark_set_all_modes/qwen7b/oracle_notes/runtime/baseline/input.jsonl,/scratch/kudhru/rag-reason/cats_outputs/benchmark_local_committee_3judge/benchmark_baseline_48_20260705_r2/qwen7b/oracle_notes/runtime/baseline/final/detailed_results.json,0b0d558e00df2539d5b30ed805af5a12ac00002221e3ac9cefd0256c1265e7f5,/scratch/kudhru/rag-reason/cats_outputs/benchmark_local_committee_3judge/benchmark_baseline_48_20260705_r2/qwen7b/oracle_notes/runtime/baseline/response_cache
benchmark_set_all_modes/qwen7b/oracle_notes/runtime/sft,pabitra,benchmark_sft_missing8_qd_collect_20260708_r1,exact_cache_match,736,1115,1099,1077,1012,1095,0.8375947831361844,0.8085351787773933,0.9954504094631483,0.9965397923875432,0.9396471680594243,0.9396471680594243,0.18800461361014995,0.0034602076124567475,0.24749772520473157,0.00545950864422202,0.736322869955157,0.905829596412556,0.736322869955157,0.905829596412556,1734,1402,1728,326,6,/Users/shubhammishra/Desktop/rag_reason-CATS_interactive/CATS_v2/outputs/benchmark_local_committee_3judge/benchmark_set_all_modes/qwen7b/oracle_notes/runtime/sft/final/detailed_results.json,/Users/shubhammishra/Desktop/rag_reason-CATS_interactive/CATS_v2/inputs/prepped_model_eval_inputs/benchmark_set_all_modes/qwen7b/oracle_notes/runtime/sft/input.jsonl,/scratch/pabitra/rag-reason/cats_outputs/benchmark_local_committee_3judge/benchmark_sft_missing8_qd_collect_20260708_r1/qwen7b/oracle_notes/runtime/sft/final/detailed_results.json,282f4935c5c877f39a07da8b71a2516ff747df523f76214ae895f4e511c0fdb3,/scratch/pabitra/rag-reason/cats_outputs/benchmark_local_committee_3judge/benchmark_sft_missing8_qd_collect_20260708_r1/qwen7b/oracle_notes/runtime/sft/response_cache
benchmark_set_all_modes/qwen7b/oracle_notes/strict/baseline,kudhru,benchmark_baseline_48_20260705_r2,exact_cache_match,736,941,592,740,561,591,0.8325008043758044,0.7846153846153846,0.995777027027027,0.9959866220735786,0.7581081081081081,0.7581081081081081,0.21137123745819397,0.004013377926421404,0.3091216216216216,0.008445945945945946,0.4314558979808714,0.5929861849096706,0.4314558979808714,0.5929861849096706,1495,1173,1489,316,6,/Users/shubhammishra/Desktop/rag_reason-CATS_interactive/CATS_v2/outputs/benchmark_local_committee_3judge/benchmark_set_all_modes/qwen7b/oracle_notes/strict/baseline/final/detailed_results.json,/Users/shubhammishra/Desktop/rag_reason-CATS_interactive/CATS_v2/inputs/prepped_model_eval_inputs/benchmark_set_all_modes/qwen7b/oracle_notes/strict/baseline/input.jsonl,/scratch/kudhru/rag-reason/cats_outputs/benchmark_local_committee_3judge/benchmark_baseline_48_20260705_r2/qwen7b/oracle_notes/strict/baseline/final/detailed_results.json,93d7dd9f6199eee7e20ed02cfa85e1dd3dc99a898c9986d3902b0fba5871caf8,/scratch/kudhru/rag-reason/cats_outputs/benchmark_local_committee_3judge/benchmark_baseline_48_20260705_r2/qwen7b/oracle_notes/strict/baseline/response_cache
benchmark_set_all_modes/qwen7b/oracle_notes/strict/sft,pabitra,benchmark_sft_missing8_qd_collect_20260708_r1,exact_cache_match,736,1041,1020,994,924,1019,0.8181209150326797,0.78625,0.9987745098039216,0.99875,0.9295774647887324,0.9295774647887324,0.2125,0.00125,0.2754901960784314,0.00196078431372549,0.7089337175792507,0.8876080691642652,0.7089337175792507,0.8876080691642652,1600,1258,1598,340,2,/Users/shubhammishra/Desktop/rag_reason-CATS_interactive/CATS_v2/outputs/benchmark_local_committee_3judge/benchmark_set_all_modes/qwen7b/oracle_notes/strict/sft/final/detailed_results.json,/Users/shubhammishra/Desktop/rag_reason-CATS_interactive/CATS_v2/inputs/prepped_model_eval_inputs/benchmark_set_all_modes/qwen7b/oracle_notes/strict/sft/input.jsonl,/scratch/pabitra/rag-reason/cats_outputs/benchmark_local_committee_3judge/benchmark_sft_missing8_qd_collect_20260708_r1/qwen7b/oracle_notes/strict/sft/final/detailed_results.json,ad0069b810a327ffd74f7ba3e8c9da5eede6bc99226480e829b447218e1953de,/scratch/pabitra/rag-reason/cats_outputs/benchmark_local_committee_3judge/benchmark_sft_missing8_qd_collect_20260708_r1/qwen7b/oracle_notes/strict/sft/response_cache
other_techniques/con/llama,pabitra,other_techniques_phase1_mistral_deepseek_20260708_r1,exact_cache_match,736,3040,2415,2466,1914,2375,0.7471428571428571,0.7391046546101393,0.9811479181044398,0.9833975689297362,0.7761557177615572,0.7761557177615572,0.2442929143195968,0.01660243107026386,0.28240165631469977,0.02194616977225673,0.5549342105263158,0.6273026315789474,0.5549342105263158,0.6273026315789474,3373,2493,3317,824,56,/Users/shubhammishra/Desktop/rag_reason-CATS_interactive/CATS_v2/outputs/benchmark_local_committee_3judge/other_techniques/con/llama/final/detailed_results.json,/Users/shubhammishra/Desktop/rag_reason-CATS_interactive/CATS_v2/inputs/prepped_model_eval_inputs/other_techniques/con/llama/input.jsonl,/scratch/pabitra/rag-reason/cats_outputs/benchmark_local_committee_3judge/other_techniques_phase1_mistral_deepseek_20260708_r1/con/llama/final/detailed_results.json,9b49b8d9b8251c9d0a2b803b0caf56f8a8aa04fc2b861307c4bc18e131ac5a54,/scratch/pabitra/rag-reason/cats_outputs/benchmark_local_committee_3judge/other_techniques_phase1_mistral_deepseek_20260708_r1/con/llama/response_cache
other_techniques/cot_fewshot/llama,pabitra,other_techniques_phase1_mistral_deepseek_20260708_r1,exact_cache_match,736,2608,2226,2128,1743,2220,0.7275681341719078,0.7179085785848466,0.9951332734351602,0.9937382592360676,0.819078947368421,0.819078947368421,0.27582968065122104,0.006261740763932373,0.3288409703504043,0.008086253369272238,0.5678680981595092,0.6648773006134969,0.5678680981595092,0.6648773006134969,3194,2293,3174,881,20,/Users/shubhammishra/Desktop/rag_reason-CATS_interactive/CATS_v2/outputs/benchmark_local_committee_3judge/other_techniques/cot_fewshot/llama/final/detailed_results.json,/Users/shubhammishra/Desktop/rag_reason-CATS_interactive/CATS_v2/inputs/prepped_model_eval_inputs/other_techniques/cot_fewshot/llama/input.jsonl,/scratch/pabitra/rag-reason/cats_outputs/benchmark_local_committee_3judge/other_techniques_phase1_mistral_deepseek_20260708_r1/cot_fewshot/llama/final/detailed_results.json,e51ed36cfdd3964abf5e980aa5e64e3d13cf219971a136ac0d4feee9a7b929a3,/scratch/pabitra/rag-reason/cats_outputs/benchmark_local_committee_3judge/other_techniques_phase1_mistral_deepseek_20260708_r1/cot_fewshot/llama/response_cache
other_techniques_fixed/con/mistral,pabitra,,local_fixed_sync,736,1725,1178,1409,902,1154,0.6842186110437384,0.6405405405405405,0.9725806451612903,0.9724324324324324,0.6401703335699077,0.6401703335699077,0.3318918918918919,0.027567567567567567,0.367572156196944,0.03480475382003396,0.4121739130434783,0.5165217391304348,0.4121739130434783,0.5165217391304348,1850,1185,1799,614,51,/Users/shubhammishra/Desktop/rag_reason-CATS_interactive/CATS_v2/outputs/benchmark_local_committee_3judge/other_techniques_fixed/con/mistral/final/detailed_results.json,/Users/shubhammishra/Desktop/rag_reason-CATS_interactive/CATS_v2/inputs/prepped_model_eval_inputs/other_techniques_fixed/con/mistral/input.jsonl,,8ba06025e60e99795667ba4d629cf982cc1979670c36ad343959e861ccc3db6f,
other_techniques_fixed/cot_fewshot/mistral,pabitra,,local_fixed_sync,736,2222,1525,1554,1027,1507,0.5930382513661202,0.5696594427244582,0.9851366120218579,0.9867315347191509,0.6608751608751608,0.6608751608751608,0.41707209199469264,0.013268465280849183,0.4695081967213115,0.018360655737704918,0.3541854185418542,0.45994599459945995,0.3541854185418542,0.45994599459945995,2261,1288,2231,943,30,/Users/shubhammishra/Desktop/rag_reason-CATS_interactive/CATS_v2/outputs/benchmark_local_committee_3judge/other_techniques_fixed/cot_fewshot/mistral/final/detailed_results.json,/Users/shubhammishra/Desktop/rag_reason-CATS_interactive/CATS_v2/inputs/prepped_model_eval_inputs/other_techniques_fixed/cot_fewshot/mistral/input.jsonl,,c30d9ccdaae5c91c131813ca58c1178f9d76434c0e156c5d1115ee62ff44df3c,
other_techniques_fixed/con/qwen,pabitra,,local_fixed_sync,736,2267,1768,1918,1481,1762,0.6572950333979746,0.5964866959442005,0.9889705882352942,0.9847584603461638,0.7721584984358707,0.7721584984358707,0.3882717644019633,0.015241539653836218,0.5141402714932126,0.023755656108597284,0.3718570798411998,0.6444640494044993,0.3718570798411998,0.6444640494044993,3871,2309,3812,1503,59,/Users/shubhammishra/Desktop/rag_reason-CATS_interactive/CATS_v2/outputs/benchmark_local_committee_3judge/other_techniques_fixed/con/qwen/final/detailed_results.json,/Users/shubhammishra/Desktop/rag_reason-CATS_interactive/CATS_v2/inputs/prepped_model_eval_inputs/other_techniques_fixed/con/qwen/input.jsonl,,adfb018b0a21df22fe7f8145bf90396d706d6daa7666b5caf72c178bc393d27e,
other_techniques_fixed/cot_fewshot/qwen,pabitra,,local_fixed_sync,736,1883,1649,1616,1376,1642,0.679300586213867,0.6421511627906977,0.992581362441884,0.9933139534883721,0.8514851485148515,0.8514851485148515,0.3511627906976744,0.006686046511627907,0.47119466343238325,0.01212856276531231,0.45724907063197023,0.7265002655337228,0.45724907063197023,0.7265002655337228,3440,2209,3417,1208,23,/Users/shubhammishra/Desktop/rag_reason-CATS_interactive/CATS_v2/outputs/benchmark_local_committee_3judge/other_techniques_fixed/cot_fewshot/qwen/final/detailed_results.json,/Users/shubhammishra/Desktop/rag_reason-CATS_interactive/CATS_v2/inputs/prepped_model_eval_inputs/other_techniques_fixed/cot_fewshot/qwen/input.jsonl,,b02e50c24287036c52416dbc8427a1f7d02acfeb9efb3e9ad1fa600e2cc8f8ff,
